Date,First,High,Low,Open,Last,Value,Vol,Close
20190707,5500,5600,5500,5500,5500,5500000000,1280000,5500
20190706,5800,5800,5400,5600,5500,5500000000,2560000,5500
20190703,5700,5800,5600,5800,5600,5600000000,3190000,5600
20190702,5900,5900,5700,5800,5700,5700000000,2720000,5800
20190701,5800,5900,5600,5800,5900,5900000000,4190000,5800
20190630,6000,6000,5700,6000,5800,5800000000,6000000,5800
20190626,6000,6100,5800,5900,5900,5900000000,5280000,6000
20190625,6000,6000,5800,6000,5900,5900000000,2890000,5900
20190624,6000,6000,5800,5800,6000,6000000000,3520000,6000
20190623,5700,5900,5700,5700,5900,5900000000,1180000,5800
20190622,5500,5900,5500,5800,5700,5700000000,1630000,5700
20190619,5800,5900,5700,6000,5700,5700000000,1800000,5800
20190618,6200,6300,5800,6100,6000,6000000000,2700000,6000
20190617,6100,6300,6000,6100,6200,6200000000,3510000,6100
20190616,6100,6200,5900,6000,6000,6000000000,4990000,6100
20190615,5900,6100,5800,5900,6100,6100000000,8170000,6000
20190612,6000,6000,5700,5800,5700,5700000000,5730000,5900
20190611,5700,6000,5700,5800,5900,5900000000,3440000,5800
20190610,5900,5900,5700,5900,5800,5800000000,5580000,5800
20190609,5900,6100,5800,5900,5900,5900000000,4220000,5900
20190608,6000,6100,5900,6000,5900,5900000000,2280000,5900
20190603,5900,6100,5800,5900,6000,6000000000,4690000,6000
20190602,5900,6000,5800,5900,5800,5800000000,4760000,5900
20190601,5900,5900,5800,6100,5900,5900000000,5890000,5900
20190529,6200,6200,5800,5900,5900,5900000000,9000000,6100
20190528,6000,6000,6000,5700,6000,6000000000,1410000,5900
20190526,5700,5700,5700,5500,5700,5700000000,1580000,5700
20190525,5500,5600,5400,5500,5600,5600000000,1740000,5500
20190522,5700,5700,5500,5600,5500,5500000000,1620000,5500
20190521,5700,5700,5500,5500,5500,5500000000,2700000,5600
20190520,5600,5700,5400,5700,5600,5600000000,3100000,5500
20190519,5900,5900,5600,5900,5700,5700000000,4730000,5700
20190518,6000,6000,5800,5800,5800,5800000000,9020000,5900
20190515,5800,6000,5600,5700,5700,5700000000,5780000,5800
20190514,5700,5700,5600,5400,5700,5700000000,23390000,5700
20190513,5500,5500,5500,5300,5500,5500000000,1290000,5400
20190512,5400,5600,5100,5400,5500,5500000000,14340000,5300
20190511,5500,5600,5300,5600,5300,5300000000,9480000,5400
20190508,5400,5700,5400,5600,5700,5700000000,7050000,5600
20190507,5600,5700,5600,5900,5600,5600000000,10540000,5600
20190506,6100,6100,5800,6100,5800,5800000000,6530000,5900
20190505,6400,6400,5800,6100,6100,6100000000,12880000,6100
20190504,6100,6100,6000,5800,6100,6100000000,2650000,6100
20190501,5800,5800,5700,5600,5800,5800000000,4330000,5800
20190430,5500,5600,5400,5300,5600,5600000000,12830000,5600
20190429,5200,5400,5100,5100,5400,5400000000,9490000,5300
20190428,5100,5200,5000,5100,5100,5100000000,4600000,5100
20190427,5100,5200,5000,5100,5100,5100000000,3220000,5100
20190424,5100,5200,5100,5000,5100,5100000000,2020000,5100
20190423,5100,5100,4900,5200,5100,5100000000,3320000,5000
20190422,5300,5300,5000,5300,5100,5100000000,5590000,5200
20190420,5200,5300,5200,5100,5200,5200000000,4750000,5300
20190417,5000,5200,4900,5200,5200,5200000000,6670000,5100
20190416,5100,5400,5000,5200,5200,5200000000,10630000,5200
20190415,5300,5300,5100,5100,5100,5100000000,5450000,5200
20190414,5000,5300,4800,5000,5300,5300000000,9720000,5100
20190413,5100,5100,4900,4900,5000,5000000000,10740000,5000
20190410,4800,4900,4800,4700,4900,4900000000,5620000,4900
20190409,4400,4700,4400,4500,4700,4700000000,12820000,4700
20190408,4500,4500,4400,4600,4500,4500000000,5080000,4500
20190407,4500,4700,4500,4500,4500,4500000000,7470000,4600
20190406,4400,4500,4400,4600,4500,4500000000,4370000,4500
20190331,4800,4800,4500,4700,4600,4600000000,6970000,4600
20190330,4700,4700,4600,4500,4700,4700000000,7580000,4700
20190327,4400,4500,4400,4400,4500,4500000000,2340000,4500
20190326,4300,4400,4300,4200,4400,4400000000,2160000,4400
20190325,4300,4300,4200,4200,4300,4300000000,1410000,4200
20190319,4300,4300,4200,4200,4200,4200000000,2310000,4200
20190318,4200,4400,4100,4200,4200,4200000000,5870000,4200
20190317,4300,4300,4000,4200,4100,4100000000,3380000,4200
20190316,4200,4300,4100,4200,4200,4200000000,3530000,4200
20190313,4300,4300,4100,4300,4200,4200000000,3840000,4200
20190312,4400,4400,4300,4200,4300,4300000000,4140000,4300
20190311,4200,4200,4100,4000,4200,4200000000,4190000,4200
20190310,3900,4200,3800,4000,4100,4100000000,7570000,4000
20190309,4200,4200,3900,4200,4000,4000000000,8640000,4000
20190306,4100,4200,4100,4100,4100,4100000000,5300000,4200
20190305,4300,4300,4100,4300,4100,4100000000,5050000,4100
20190304,4400,4400,4200,4300,4200,4200000000,5030000,4300
20190303,4200,4400,4200,4300,4400,4400000000,6780000,4300
20190302,4300,4400,4200,4400,4200,4200000000,5410000,4300
20190227,4500,4600,4300,4600,4400,4400000000,10050000,4400
20190226,4500,4600,4400,4400,4500,4500000000,14830000,4600
20190225,4400,4500,4300,4200,4500,4500000000,15270000,4400
20190224,4100,4300,4000,4100,4300,4300000000,11650000,4200
20190223,4000,4200,4000,4000,4000,4000000000,6850000,4100
20190220,4000,4000,3900,3900,4000,4000000000,2740000,4000
20190219,3800,4000,3800,3800,4000,4000000000,3910000,3900
20190218,3700,3800,3700,3800,3800,3800000000,1570000,3800
20190217,3800,3900,3700,3900,3800,3800000000,1920000,3800
20190216,4000,4000,3800,3900,3800,3800000000,2450000,3900
20190213,4000,4000,3800,4000,3900,3900000000,2080000,3900
20190212,4000,4000,3900,3900,3900,3900000000,2540000,4000
20190210,3800,4000,3800,3900,4000,4000000000,4280000,3900
20190206,4000,4000,3800,4000,3800,3800000000,3700000,3900
20190205,4100,4100,3800,4000,3900,3900000000,6320000,4000
20190204,3900,4100,3800,3900,4100,4100000000,8640000,4000
20190203,3900,3900,3800,3700,3900,3900000000,17380000,3900
20190202,3800,3800,3800,3600,3800,3800000000,1740000,3700
20190130,3500,3700,3400,3500,3700,3700000000,8670000,3600
20190129,3500,3600,3400,3500,3500,3500000000,3760000,3500
20190128,3600,3600,3500,3600,3500,3500000000,1560000,3500
20190127,3700,3700,3500,3600,3600,3600000000,3430000,3600
20190126,3600,3700,3500,3500,3700,3700000000,5310000,3600
20190123,3400,3500,3300,3400,3500,3500000000,3610000,3500
20190122,3300,3400,3300,3400,3400,3400000000,2060000,3400
20190121,3500,3500,3400,3500,3400,3400000000,5430000,3400
20190120,3700,3700,3500,3700,3500,3500000000,4280000,3500
20190119,3700,3800,3600,3700,3600,3600000000,6670000,3700
20190116,3400,3700,3400,3500,3700,3700000000,19100000,3700
20190115,3600,3600,3500,3600,3500,3500000000,20940000,3500
20190114,3600,3600,3600,3500,3600,3600000000,3610000,3600
20190113,3500,3500,3500,3300,3500,3500000000,1680000,3500
20190112,3400,3400,3400,3200,3400,3400000000,1700000,3300
20190109,3300,3300,3300,3100,3300,3300000000,1360000,3200
20190108,3200,3200,3200,3000,3200,3200000000,1060000,3100
20190107,2900,3100,2900,2900,3100,3100000000,3270000,3000
20190106,2900,3000,2900,2900,3000,3000000000,3550000,2900
20190105,3000,3000,2900,2900,2900,2900000000,1320000,2900
20190102,3000,3000,2900,3000,2900,2900000000,1790000,2900
20190101,3000,3000,3000,3000,3000,3000000000,1080000,3000
20181231,3100,3100,3000,3000,3000,3000000000,1230000,3000
20181230,3100,3100,3000,3000,3000,3000000000,980000,3000
20181229,3000,3100,3000,2900,3000,3000000000,1390000,3000
20181226,2900,3000,2900,2800,3000,3000000000,3210000,2900
20181225,2900,2900,2800,2900,2900,2900000000,2230000,2800
20181224,3000,3000,2900,3000,2900,2900000000,7450000,2900
20181223,2900,3000,2900,2900,3000,3000000000,2200000,3000
20181222,2900,3000,2800,3000,2900,2900000000,1980000,2900
20181219,3000,3000,2900,3100,3000,3000000000,1300000,3000
20181218,3100,3100,3000,3100,3100,3100000000,1250000,3100
20181217,3200,3200,3100,3200,3100,3100000000,2210000,3100
20181216,3100,3300,3100,3300,3100,3100000000,2890000,3200
20181215,3300,3400,3100,3300,3200,3200000000,4550000,3300
20181212,3100,3400,3100,3200,3400,3400000000,5990000,3300
20181211,3300,3300,3200,3200,3200,3200000000,7510000,3200
20181210,3100,3200,3100,3000,3200,3200000000,6400000,3200
20181209,3000,3100,3000,3100,3100,3100000000,7090000,3000
20181208,3200,3300,3100,3100,3100,3100000000,4190000,3100
20181205,3100,3200,3000,3100,3100,3100000000,2000000,3100
20181204,3100,3200,3000,3100,3100,3100000000,5150000,3100
20181203,3000,3100,3000,2900,3100,3100000000,2440000,3100
20181202,2800,3000,2800,2800,3000,3000000000,3400000,2900
20181201,3000,3000,2800,3000,2800,2800000000,2530000,2800
20181128,2900,3000,2900,2900,3000,3000000000,5650000,3000
20181127,3000,3000,2800,3000,2900,2900000000,6160000,2900
20181126,3000,3100,3000,3100,3000,3000000000,2980000,3000
20181124,3200,3300,3100,3300,3100,3100000000,2060000,3100
20181121,3400,3400,3200,3300,3300,3300000000,1630000,3300
20181120,3400,3400,3200,3300,3300,3300000000,1650000,3300
20181119,3100,3300,3100,3200,3300,3300000000,3730000,3300
20181118,3300,3400,3100,3300,3200,3200000000,3980000,3200
20181117,3500,3500,3300,3500,3400,3400000000,3760000,3300
20181114,3500,3600,3400,3500,3500,3500000000,2450000,3500
20181113,3700,3700,3500,3700,3500,3500000000,3870000,3500
20181112,3600,3700,3600,3700,3700,3700000000,1850000,3700
20181111,3800,3800,3600,3700,3600,3600000000,1730000,3700
20181110,3700,3800,3600,3600,3700,3700000000,4030000,3700
20181106,3600,3700,3500,3600,3700,3700000000,2900000,3600
20181105,3500,3600,3500,3600,3600,3600000000,1800000,3600
20181104,3500,3700,3500,3700,3500,3500000000,4150000,3600
20181103,3800,3800,3600,3800,3600,3600000000,1390000,3700
20181031,3900,3900,3700,3700,3800,3800000000,2920000,3800
20181029,3700,3700,3700,3600,3700,3700000000,5920000,3700
20181028,3400,3600,3400,3400,3600,3600000000,3200000,3600
20181027,3400,3500,3400,3600,3400,3400000000,6560000,3400
20181024,3600,3700,3600,3800,3600,3600000000,4440000,3600
20181023,4000,4000,3800,3900,3800,3800000000,5880000,3800
20181022,4000,4100,3900,4100,4000,4000000000,7690000,3900
20181021,4300,4300,4000,4200,4000,4000000000,4350000,4100
20181020,4200,4200,4200,4000,4200,4200000000,12460000,4200
20181017,4100,4200,4000,4200,4100,4100000000,7360000,4000
20181016,4300,4300,4000,4200,4100,4100000000,30140000,4200
20181015,4100,4400,4100,4300,4200,4200000000,11750000,4200
20181014,4100,4100,4100,4300,4100,4100000000,90000,4300
20181013,4200,4400,4200,4500,4200,4200000000,1630000,4300
20181010,4500,4600,4500,4700,4500,4500000000,3530000,4500
20181009,4600,5000,4600,4800,4600,4600000000,14960000,4700
20181008,4600,4600,4600,4900,4600,4600000000,500000,4800
20181007,4700,4700,4700,4900,4700,4700000000,100000,4900
20181006,5100,5100,4800,4900,4800,4800000000,2500000,4900
20181003,4900,4900,4900,5200,4900,4900000000,6250000,4900
20181002,5100,5100,5100,5400,5100,5100000000,1200000,5200
20181001,5600,5600,5000,5300,5300,5300000000,12820000,5400
20180930,5300,5300,5300,5100,5300,5300000000,1970000,5300
20180929,4900,5200,4900,4700,5200,5200000000,6800000,5100
20180926,4700,4700,4600,4500,4700,4700000000,1840000,4700
20180925,4400,4500,4400,4300,4500,4500000000,5890000,4500
20180924,4300,4400,4200,4100,4300,4300000000,4220000,4300
20180923,4100,4200,4100,4000,4200,4200000000,7240000,4100
20180922,4000,4100,4000,3900,4000,4000000000,4870000,4000
20180918,4100,4100,3800,4100,3900,3900000000,6120000,3900
20180917,4000,4200,4000,4200,4100,4100000000,9530000,4100
20180916,4400,4400,4000,4400,4100,4100000000,4540000,4200
20180915,4300,4400,4300,4200,4400,4400000000,10110000,4400
20180912,4100,4300,4100,4100,4200,4200000000,10100000,4200
20180911,4100,4100,4000,4100,4100,4100000000,4290000,4100
20180910,4100,4200,4100,4000,4100,4100000000,4800000,4100
20180909,4100,4100,4000,4000,4100,4100000000,6450000,4000
20180908,4000,4100,4000,4000,4000,4000000000,4210000,4000
20180905,4000,4100,3900,4100,4100,4100000000,4380000,4000
20180904,4200,4200,3900,4000,4000,4000000000,6650000,4100
20180903,3900,4100,3800,3900,4100,4100000000,5460000,4000
20180902,4000,4000,3900,4100,3900,3900000000,7430000,3900
20180901,4300,4300,4100,4300,4100,4100000000,6330000,4100
20180829,4200,4400,4100,4200,4300,4300000000,4650000,4300
20180828,4400,4400,4000,4300,4200,4200000000,58910000,4200
20180827,4300,4400,4100,4100,4400,4400000000,8150000,4300
20180826,4100,4300,3900,4100,4200,4200000000,12800000,4100
20180825,4100,4100,4100,3900,4100,4100000000,2060000,4100
20180821,4000,4000,4000,3800,4000,4000000000,1420000,3900
20180820,3800,3800,3800,3600,3800,3800000000,4130000,3800
20180819,3800,3900,3600,3600,3600,3600000000,15900000,3600
20180818,3600,3600,3600,3400,3600,3600000000,2140000,3600
20180815,3400,3400,3400,3200,3400,3400000000,8270000,3400
20180814,3300,3300,3300,3100,3300,3300000000,1680000,3200
20180813,3000,3100,3000,3000,3100,3100000000,9420000,3100
20180812,2800,3000,2800,2800,3000,3000000000,9170000,3000
20180811,2800,2900,2800,2900,2800,2800000000,3020000,2800
20180808,3100,3100,2900,3000,2900,2900000000,6470000,2900
20180807,3000,3200,2900,3100,2900,2900000000,9410000,3000
20180806,3100,3100,3000,2900,3100,3100000000,15820000,3100
20180805,2800,2900,2800,2800,2900,2900000000,13360000,2900
20180804,2900,2900,2700,2900,2800,2800000000,6120000,2800
20180801,2900,2900,2800,2700,2800,2800000000,18510000,2900
20180731,2800,2800,2800,2600,2800,2800000000,1830000,2700
20180730,2600,2600,2600,2500,2600,2600000000,5300000,2600
20180729,2400,2500,2400,2400,2500,2500000000,16360000,2500
20180728,2400,2500,2400,2000,2400,2400000000,11200000,2400
20180718,2000,2000,2000,2000,2000,2000000000,2430000,2000
20180717,2000,2100,2000,2000,2000,2000000000,1430000,2000
20180716,2000,2100,2000,2100,2000,2000000000,3230000,2000
20180715,2100,2100,2000,2100,2000,2000000000,1120000,2100
20180714,2000,2100,2000,2100,2100,2100000000,910000,2100
20180711,2200,2200,2100,2200,2100,2100000000,2630000,2100
20180710,2100,2200,2100,2100,2200,2200000000,5250000,2200
20180708,2000,2100,2000,2000,2100,2100000000,3050000,2100
20180707,2100,2100,2000,2100,2100,2100000000,6680000,2000
20180704,2200,2200,2100,2300,2200,2200000000,8420000,2100
20180703,2300,2300,2200,2200,2200,2200000000,6180000,2300
20180702,2100,2200,2100,2100,2200,2200000000,4950000,2200
20180701,2200,2300,2100,2200,2100,2100000000,7080000,2100
20180630,2200,2300,2200,2300,2200,2200000000,7470000,2200
20180627,2300,2300,2200,2400,2200,2200000000,6800000,2300
20180626,2400,2400,2400,2500,2400,2400000000,6290000,2400
20180625,2500,2600,2300,2000,2500,2500000000,20960000,2500
20180623,2000,2100,2000,2100,2100,2100000000,7310000,2000
20180620,2200,2200,2000,2100,2000,2000000000,18940000,2100
20180619,2100,2100,2000,2000,2100,2100000000,19860000,2100
20180618,2000,2000,2000,1900,2000,2000000000,2070000,2000
20180617,1800,1900,1800,1700,1900,1900000000,2090000,1900
20180612,1700,1900,1700,1800,1900,1900000000,25230000,1700
20180611,1800,1800,1800,1900,1800,1800000000,2250000,1800
20180610,1800,1800,1800,1900,1800,1800000000,220000,1900
20180609,1900,1900,1900,2000,1900,1900000000,6900000,1900
20180603,1900,1900,1900,2000,1900,1900000000,50000,2000
20180602,1900,1900,1900,2000,1900,1900000000,110000,2000
20180530,1900,1900,1900,2000,1900,1900000000,60000,2000
20180529,1900,1900,1900,2000,1900,1900000000,410000,2000
20180528,1900,1900,1900,2000,1900,1900000000,30000,2000
20180527,2000,2000,2000,2100,2000,2000000000,1670000,2000
20180526,2200,2200,2100,2300,2100,2100000000,2990000,2100
20180516,2300,2300,2200,2200,2300,2300000000,23780000,2300
20180515,2200,2200,2200,2100,2200,2200000000,6330000,2200
20180514,2100,2100,2100,2000,2100,2100000000,3520000,2100
20180513,2000,2000,2000,1900,2000,2000000000,9130000,2000
20180512,1800,1900,1800,1700,1900,1900000000,16160000,1900
20180508,1700,1700,1700,1600,1700,1700000000,31820000,1700
20180507,1600,1600,1600,1600,1600,1600000000,9510000,1600
20180506,1500,1600,1500,1500,1600,1600000000,28520000,1600
20180505,1500,1500,1500,1400,1500,1500000000,10630000,1500
20180501,1500,1500,1400,1500,1500,1500000000,38340000,1400
20180430,1400,1500,1400,1400,1500,1500000000,15690000,1500
20180429,1400,1400,1400,1300,1400,1400000000,2180000,1400
20180428,1300,1400,1300,1300,1400,1400000000,10690000,1300
20180425,1300,1300,1300,1200,1300,1300000000,16210000,1300
20180424,1200,1200,1200,1200,1200,1200000000,7540000,1200
20180423,1200,1200,1200,1200,1200,1200000000,370000,1200
20180422,1200,1200,1200,1200,1200,1200000000,670000,1200
20180421,1200,1200,1200,1200,1200,1200000000,30000,1200
20180418,1200,1200,1200,1100,1200,1200000000,1030000,1200
20180417,1200,1200,1200,1100,1200,1200000000,430000,1100
20180416,1100,1100,1100,1100,1100,1100000000,1700000,1100
20180415,1200,1200,1100,1200,1100,1100000000,2960000,1100
20180411,1200,1200,1200,1200,1200,1200000000,2740000,1200
20180410,1200,1200,1200,1200,1200,1200000000,1360000,1200
20180409,1200,1200,1200,1200,1200,1200000000,2810000,1200
20180408,1200,1300,1200,1200,1200,1200000000,2640000,1200
20180407,1200,1200,1200,1200,1200,1200000000,1990000,1200
20180404,1200,1300,1200,1200,1200,1200000000,870000,1200
20180403,1200,1300,1200,1200,1200,1200000000,1530000,1200
20180328,1200,1300,1200,1200,1300,1300000000,2010000,1200
20180327,1200,1300,1200,1200,1200,1200000000,1080000,1200
20180326,1200,1300,1200,1300,1200,1200000000,3210000,1200
20180325,1300,1300,1200,1300,1300,1300000000,1500000,1300
20180319,1300,1300,1300,1300,1300,1300000000,2810000,1300
20180318,1300,1300,1200,1300,1300,1300000000,2170000,1300
20180317,1300,1300,1200,1300,1200,1200000000,2700000,1300
20180314,1300,1300,1200,1300,1300,1300000000,3910000,1300
20180313,1300,1300,1300,1300,1300,1300000000,8480000,1300
20180312,1400,1400,1300,1300,1300,1300000000,4020000,1300
20180311,1400,1400,1300,1400,1300,1300000000,4490000,1300
20180310,1400,1400,1400,1400,1400,1400000000,9300000,1400
20180307,1500,1500,1400,1500,1400,1400000000,6930000,1400
20180306,1500,1500,1400,1500,1500,1500000000,29540000,1500
20180305,1500,1500,1400,1400,1500,1500000000,3410000,1500
20180304,1400,1500,1400,1400,1400,1400000000,3430000,1400
20180303,1400,1400,1400,1400,1400,1400000000,2870000,1400
20180228,1400,1500,1400,1500,1400,1400000000,4860000,1400
20180227,1500,1500,1400,1400,1400,1400000000,11570000,1500
20180226,1400,1500,1400,1400,1500,1500000000,6570000,1400
20180225,1400,1400,1400,1400,1400,1400000000,3810000,1400
20180224,1400,1400,1400,1400,1400,1400000000,2890000,1400
20180221,1400,1400,1400,1400,1400,1400000000,2130000,1400
20180219,1400,1400,1400,1400,1400,1400000000,1730000,1400
20180218,1400,1400,1400,1400,1400,1400000000,3200000,1400
20180217,1400,1400,1400,1400,1400,1400000000,3540000,1400
20180214,1400,1400,1400,1400,1400,1400000000,1520000,1400
20180213,1400,1400,1400,1400,1400,1400000000,2970000,1400
20180212,1400,1400,1400,1400,1400,1400000000,3860000,1400
20180210,1400,1400,1400,1400,1400,1400000000,2060000,1400
20180207,1400,1400,1400,1400,1400,1400000000,2670000,1400
20180206,1400,1400,1400,1400,1400,1400000000,4740000,1400
20180205,1400,1400,1400,1400,1400,1400000000,3990000,1400
20180204,1500,1500,1400,1400,1400,1400000000,3150000,1400
20180203,1500,1500,1400,1500,1400,1400000000,2610000,1400
20180131,1500,1500,1400,1500,1400,1400000000,6540000,1500
20180130,1500,1500,1500,1500,1500,1500000000,12320000,1500
20180129,1500,1500,1400,1400,1500,1500000000,18510000,1500
20180128,1400,1400,1400,1400,1400,1400000000,11630000,1400
20180127,1400,1400,1300,1400,1400,1400000000,3470000,1400
20180124,1400,1400,1300,1400,1400,1400000000,6790000,1400
20180123,1400,1400,1400,1400,1400,1400000000,4440000,1400
20180122,1400,1400,1400,1400,1400,1400000000,5130000,1400
20180121,1400,1400,1400,1400,1400,1400000000,2290000,1400
20180120,1400,1400,1400,1400,1400,1400000000,2400000,1400
20180117,1400,1400,1400,1400,1400,1400000000,3380000,1400
20180116,1400,1500,1400,1400,1400,1400000000,6110000,1400
20180115,1400,1400,1400,1400,1400,1400000000,5660000,1400
20180114,1400,1400,1400,1400,1400,1400000000,4030000,1400
20180113,1400,1400,1400,1400,1400,1400000000,4850000,1400
20180110,1400,1400,1400,1400,1400,1400000000,2480000,1400
20180109,1400,1500,1400,1500,1400,1400000000,4340000,1400
20180108,1500,1500,1500,1500,1500,1500000000,3870000,1500
20180107,1400,1500,1400,1400,1500,1500000000,36890000,1500
20180106,1400,1400,1400,1400,1400,1400000000,2930000,1400
20180103,1400,1400,1400,1400,1400,1400000000,5220000,1400
20180102,1400,1400,1300,1400,1400,1400000000,3820000,1400
20180101,1300,1400,1300,1300,1400,1400000000,3800000,1400
20171231,1400,1400,1300,1400,1400,1400000000,13460000,1300
20171230,1500,1500,1400,1400,1400,1400000000,5740000,1400
20171227,1500,1500,1400,1500,1400,1400000000,10710000,1400
20171226,1500,1500,1500,1500,1500,1500000000,5510000,1500
20171225,1600,1600,1500,1500,1500,1500000000,5430000,1500
20171224,1600,1600,1500,1600,1500,1500000000,10310000,1500
20171223,1600,1600,1600,1600,1600,1600000000,7540000,1600
20171220,1500,1600,1500,1500,1600,1600000000,6530000,1600
20171219,1500,1600,1500,1500,1500,1500000000,5480000,1500
20171218,1600,1600,1500,1600,1500,1500000000,10310000,1500
20171217,1600,1600,1600,1600,1600,1600000000,5510000,1600
20171216,1600,1600,1600,1600,1600,1600000000,5930000,1600
20171213,1600,1600,1600,1600,1600,1600000000,14010000,1600
20171212,1600,1700,1600,1600,1600,1600000000,10500000,1600
20171211,1700,1700,1600,1700,1600,1600000000,26690000,1600
20171210,1800,1800,1700,1800,1700,1700000000,14020000,1700
20171209,1800,1800,1800,1700,1800,1800000000,116350000,1800
20171205,1700,1700,1700,1600,1700,1700000000,66780000,1700
20171204,1500,1600,1500,1500,1600,1600000000,76980000,1600
20171203,1500,1600,1500,1500,1500,1500000000,63490000,1500
20171202,1500,1600,1500,1500,1500,1500000000,57620000,1500
20171129,1600,1600,1500,1600,1500,1500000000,74890000,1500
20171128,1700,1700,1500,1600,1500,1500000000,44150000,1600
20171126,1600,1600,1600,1500,1600,1600000000,60230000,1600
20171125,1500,1500,1500,1500,1500,1500000000,61200000,1500
20171122,1500,1500,1400,1400,1500,1500000000,70980000,1500
20171121,1400,1400,1400,1500,1400,1400000000,5700000,1400
20171120,1400,1500,1400,1400,1400,1400000000,9290000,1500
20171118,1400,1400,1400,1300,1400,1400000000,4540000,1400
20171115,1300,1400,1300,1300,1400,1400000000,65510000,1300
20171114,1300,1400,1300,1400,1300,1300000000,2310000,1300
20171113,1400,1400,1300,1400,1300,1300000000,4010000,1400
20171112,1300,1400,1300,1300,1400,1400000000,58730000,1400
20171111,1400,1400,1300,1400,1300,1300000000,8730000,1300
20171108,1400,1400,1400,1400,1400,1400000000,5280000,1400
20171107,1400,1400,1400,1400,1400,1400000000,53840000,1400
20171106,1500,1500,1400,1400,1400,1400000000,27750000,1400
20171105,1400,1500,1400,1400,1400,1400000000,68310000,1400
20171104,1500,1500,1400,1500,1400,1400000000,3980000,1400
20171101,1500,1500,1400,1500,1500,1500000000,10890000,1500
20171031,1400,1500,1400,1400,1500,1500000000,4970000,1500
20171030,1400,1500,1400,1500,1400,1400000000,9560000,1400
20171029,1600,1600,1400,1500,1400,1400000000,11140000,1500
20171028,1500,1500,1500,1400,1500,1500000000,19400000,1500
20171025,1400,1400,1400,1400,1400,1400000000,6380000,1400
20171024,1400,1400,1300,1400,1400,1400000000,11850000,1400
20171023,1500,1500,1400,1500,1400,1400000000,5340000,1400
20171022,1500,1500,1400,1500,1500,1500000000,9370000,1500
20171021,1600,1600,1500,1600,1500,1500000000,10830000,1500
20171018,1500,1600,1500,1600,1600,1600000000,9900000,1600
20171017,1600,1600,1600,1600,1600,1600000000,13240000,1600
20171016,1700,1700,1600,1700,1600,1600000000,23780000,1600
20171015,1800,1800,1700,1800,1700,1700000000,15240000,1700
20171014,1800,1800,1800,1700,1800,1800000000,18190000,1800
20171011,1700,1800,1600,1700,1800,1800000000,73670000,1700
20171010,1700,1700,1600,1700,1700,1700000000,6950000,1700
20171009,1700,1800,1700,1700,1700,1700000000,6870000,1700
20171008,1800,1800,1700,1700,1700,1700000000,10410000,1700
20171007,1800,1800,1700,1800,1700,1700000000,16610000,1700
20171004,1800,1900,1800,1900,1800,1800000000,55390000,1800
20171003,1800,1800,1800,1900,1800,1800000000,310000,1900
20171002,2000,2000,1800,1900,1800,1800000000,5360000,1900
20170927,1900,1900,1900,1800,1900,1900000000,6380000,1900
20170926,1800,1800,1800,1700,1800,1800000000,13810000,1800
20170925,1700,1700,1700,1700,1700,1700000000,7710000,1700
20170924,1600,1700,1600,1600,1700,1700000000,20690000,1700
20170923,1500,1600,1500,1500,1600,1600000000,20390000,1600
20170920,1500,1500,1500,1500,1500,1500000000,28210000,1500
20170919,1500,1500,1500,1400,1500,1500000000,1250000,1500
20170918,1400,1400,1400,1300,1400,1400000000,2000000,1400
20170917,1300,1300,1300,1300,1300,1300000000,5760000,1300
20170916,1300,1300,1200,1200,1300,1300000000,15900000,1300
20170913,1200,1200,1200,1200,1200,1200000000,8420000,1200
20170912,1200,1200,1100,1200,1200,1200000000,7430000,1200
20170911,1300,1300,1200,1200,1200,1200000000,17440000,1200
20170910,1200,1300,1200,1300,1300,1300000000,9550000,1200
20170906,1200,1300,1200,1300,1300,1300000000,16860000,1300
20170905,1300,1300,1200,1300,1200,1200000000,27360000,1300
20170904,1300,1300,1300,1300,1300,1300000000,33580000,1300
20170903,1300,1300,1300,1200,1300,1300000000,19280000,1300
20170902,1200,1300,1200,1200,1300,1300000000,79310000,1200
20170830,1200,1200,1200,1200,1200,1200000000,9700000,1200
20170829,1200,1200,1200,1100,1200,1200000000,15600000,1200
20170828,1100,1100,1100,1000,1100,1100000000,7820000,1100
20170827,1100,1100,1100,1000,1100,1100000000,1670000,1000
20170826,1000,1000,1000,1000,1000,1000000000,27420000,1000
20170823,1000,1000,1000,900,1000,1000000000,50300000,1000
20170822,900,900,900,900,900,900000000,2480000,900
20170821,900,900,900,800,900,900000000,810000,900
20170820,800,800,800,800,800,800000000,2220000,800
20170819,800,900,800,800,900,900000000,153380000,800
20170816,800,800,800,800,800,800000000,1160000,800
20170815,900,900,800,300,800,800000000,39990000,800
20151021,2800,2800,2700,2800,2700,2700000000,60000,2800
20151020,2800,2800,2800,2800,2800,2800000000,60000,2800
20151019,2800,2900,2800,2800,2800,2800000000,190000,2800
20151018,2900,2900,2800,2900,2900,2900000000,540000,2800
20151017,2900,2900,2800,2900,2900,2900000000,330000,2900
20151014,2800,2900,2800,2800,2800,2800000000,490000,2900
20151013,2800,2800,2800,2800,2800,2800000000,350000,2800
20151012,2700,2900,2700,2800,2900,2900000000,570000,2800
20151011,2800,2800,2800,2800,2800,2800000000,370000,2800
20151010,2700,2800,2700,2600,2800,2800000000,900000,2800
20151007,2700,2700,2600,2600,2700,2700000000,110000,2600
20151006,2700,2700,2600,2700,2600,2600000000,500000,2600
20151005,2700,2700,2700,2700,2700,2700000000,220000,2700
20151004,2700,2700,2700,2700,2700,2700000000,270000,2700
20151003,2800,2800,2700,2700,2700,2700000000,550000,2700
20150930,2700,2800,2700,2800,2700,2700000000,210000,2700
20150929,2700,2800,2700,2800,2800,2800000000,180000,2800
20150928,2800,2800,2800,2800,2800,2800000000,1010000,2800
20150927,2800,2800,2800,2700,2800,2800000000,430000,2800
20150926,2800,2800,2700,2800,2800,2800000000,410000,2700
20150923,2800,2900,2800,2800,2900,2900000000,630000,2800
20150922,2800,2900,2800,2700,2900,2900000000,440000,2800
20150921,2800,2800,2700,2900,2800,2800000000,380000,2700
20150920,3000,3000,2800,2800,2800,2800000000,1400000,2900
20150919,2800,2800,2800,2700,2800,2800000000,350000,2800
20150916,2600,2800,2600,2600,2700,2700000000,660000,2700
20150915,2800,2800,2600,2700,2600,2600000000,580000,2600
20150914,2700,2800,2700,2800,2700,2700000000,160000,2700
20150913,2800,2800,2700,2900,2800,2800000000,630000,2800
20150912,3000,3000,2800,2900,2800,2800000000,410000,2900
20150909,3000,3000,2900,2900,2900,2900000000,390000,2900
20150908,3000,3000,2900,2900,3000,3000000000,320000,2900
20150907,2900,2900,2900,2900,2900,2900000000,270000,2900
20150906,3000,3000,2900,3000,2900,2900000000,430000,2900
20150905,2900,3000,2900,2900,3000,3000000000,810000,3000
20150902,2800,2900,2800,2800,2900,2900000000,200000,2900
20150901,2900,2900,2800,2800,2800,2800000000,170000,2800
20150831,2900,2900,2800,2900,2900,2900000000,260000,2800
20150830,2900,2900,2900,2900,2900,2900000000,150000,2900
20150829,2800,2900,2800,2800,2900,2900000000,870000,2900
20150826,2800,2900,2700,2800,2800,2800000000,450000,2800
20150825,3000,3000,2800,3000,2800,2800000000,990000,2800
20150824,3000,3100,2900,3000,3000,3000000000,490000,3000
20150823,3000,3100,3000,3000,3000,3000000000,390000,3000
20150822,3100,3200,3000,3100,3000,3000000000,620000,3000
20150819,3200,3200,3100,3300,3100,3100000000,700000,3100
20150818,3300,3300,3200,3200,3200,3200000000,2730000,3300
20150817,3100,3200,3100,3100,3200,3200000000,1190000,3200
20150816,3200,3200,3000,3200,3100,3100000000,4790000,3100
20150815,3200,3300,3200,3400,3200,3200000000,1860000,3200
20150812,3400,3500,3400,3500,3400,3400000000,2440000,3400
20150810,3600,3700,3500,3700,3500,3500000000,1730000,3500
20150809,3700,3700,3600,3800,3700,3700000000,1050000,3700
20150808,3900,3900,3700,3900,3700,3700000000,1050000,3800
20150805,3900,3900,3900,3900,3900,3900000000,1000000,3900
20150804,4000,4000,3900,4000,3900,3900000000,730000,3900
20150803,4000,4100,3900,3900,3900,3900000000,1820000,4000
20150802,3900,4000,3800,4000,4000,4000000000,3830000,3900
20150801,4000,4000,4000,4200,4000,4000000000,2600000,4000
20150729,4100,4100,4100,4300,4100,4100000000,110000,4200
20150728,4400,4400,4200,4400,4200,4200000000,250000,4300
20150714,5800,5800,5500,5800,5700,5700000000,1840000,5600
20150713,5700,5800,5700,5500,5800,5800000000,3290000,5800
20150712,5600,5600,5500,5300,5600,5600000000,3440000,5500
20150627,5400,5400,5200,5300,5300,5300000000,50000,5300
20150624,5400,5400,5200,5300,5300,5300000000,190000,5300
20150623,5400,5400,5300,5300,5400,5400000000,110000,5300
20150622,5100,5400,5100,5200,5400,5400000000,220000,5300
20150621,5100,5200,5000,5200,5100,5100000000,70000,5200
20150620,5300,5300,5100,5200,5100,5100000000,70000,5200
20150617,5100,5300,5100,5100,5200,5200000000,280000,5200
20150616,5100,5100,5000,5100,5100,5100000000,60000,5100
20150615,5000,5100,5000,5100,5100,5100000000,70000,5100
20150614,5200,5200,5100,5100,5100,5100000000,20000,5100
20150613,5100,5200,5100,5100,5100,5100000000,50000,5100
20150610,5000,5100,5000,5100,5100,5100000000,50000,5100
20150609,5100,5200,5100,5300,5100,5100000000,880000,5100
20150608,5500,5600,5300,5600,5300,5300000000,1090000,5300
20150607,5500,5700,5500,5600,5600,5600000000,110000,5600
20150606,5600,5600,5500,5600,5600,5600000000,100000,5600
20150602,5800,5800,5600,5700,5600,5600000000,220000,5600
20150601,5800,5800,5600,5700,5700,5700000000,240000,5700
20150531,5700,5800,5700,5500,5700,5700000000,320000,5700
20150530,5600,5700,5500,5600,5700,5700000000,750000,5500
20150527,5800,5800,5600,5900,5600,5600000000,1060000,5600
20150526,6100,6100,5700,6000,5900,5900000000,1650000,5900
20150525,6200,6200,6000,6100,6000,6000000000,390000,6000
20150524,6200,6200,6100,6100,6100,6100000000,200000,6100
20150523,6300,6300,6000,6300,6100,6100000000,580000,6100
20150520,6400,6500,6200,6400,6300,6300000000,1140000,6300
20150519,6600,6600,6400,6500,6400,6400000000,210000,6400
20150518,6600,6600,6400,6600,6500,6500000000,390000,6500
20150517,6500,6700,6500,6500,6600,6600000000,310000,6600
20150513,6400,6600,6400,6400,6600,6600000000,720000,6500
20150512,6400,6500,6400,6400,6500,6500000000,940000,6400
20150511,6400,6500,6300,6300,6500,6500000000,520000,6400
20150510,6200,6500,6100,6300,6300,6300000000,980000,6300
20150509,6500,6600,6200,6500,6300,6300000000,1040000,6300
20150506,6500,6700,6500,6500,6500,6500000000,190000,6500
20150505,6400,6600,6400,6400,6500,6500000000,770000,6500
20150504,6400,6500,6400,6400,6400,6400000000,940000,6400
20150503,6400,6500,6300,6400,6500,6500000000,240000,6400
20150429,6400,6500,6400,6400,6400,6400000000,810000,6400
20150428,6400,6500,6300,6400,6400,6400000000,490000,6400
20150427,6500,6500,6400,6500,6400,6400000000,190000,6400
20150426,6500,6600,6400,6500,6400,6400000000,490000,6500
20150425,6500,6600,6500,6500,6600,6600000000,250000,6500
20150422,6600,6600,6400,6500,6500,6500000000,400000,6500
20150421,6700,6700,6400,6700,6500,6500000000,570000,6500
20150420,6800,6800,6600,6700,6600,6600000000,130000,6700
20150419,6700,6800,6600,6600,6700,6700000000,580000,6700
20150418,6500,6700,6500,6500,6700,6700000000,670000,6600
20150415,6600,6600,6500,6500,6500,6500000000,1590000,6500
20150414,6400,6600,6400,6500,6600,6600000000,190000,6500
20150413,6700,6700,6400,6400,6600,6600000000,290000,6500
20150412,6700,6700,6400,6700,6400,6400000000,1090000,6400
20150411,6700,6700,6700,6800,6700,6700000000,750000,6700
20150408,6900,6900,6700,6800,6700,6700000000,920000,6800
20150407,6900,7000,6700,7000,6700,6700000000,1740000,6800
20150406,7100,7100,7000,7200,7000,7000000000,4520000,7000
20150405,7300,7300,7000,7000,7100,7100000000,18670000,7200
20150404,7000,7000,7000,6700,7000,7000000000,21080000,7000
20150331,6700,6800,6700,6800,6700,6700000000,70000,6700
20150330,6800,6900,6600,6900,6800,6800000000,150000,6800
20150329,6700,6900,6700,6700,6900,6900000000,340000,6900
20150328,6700,6700,6600,6700,6700,6700000000,70000,6700
20150325,6700,6700,6700,6700,6700,6700000000,40000,6700
20150318,6800,6800,6700,6600,6700,6700000000,130000,6700
20150317,6800,6800,6500,6700,6600,6600000000,40000,6600
20150316,6600,6700,6600,6600,6700,6700000000,90000,6700
20150315,6700,6700,6600,6700,6600,6600000000,300000,6600
20150314,6800,6800,6700,6800,6700,6700000000,230000,6700
20150311,6700,6700,6700,6800,6700,6700000000,30000,6800
20150310,6800,6800,6700,6800,6700,6700000000,40000,6800
20150309,6800,6800,6700,6800,6700,6700000000,30000,6800
20150308,6800,6900,6700,6800,6700,6700000000,40000,6800
20150307,6900,6900,6800,6900,6800,6800000000,50000,6800
20150304,6800,6900,6800,6900,6900,6900000000,100000,6900
20150303,6800,6900,6800,6900,6900,6900000000,30000,6900
20150302,7000,7000,6900,7000,6900,6900000000,170000,6900
20150301,6900,6900,6900,7000,6900,6900000000,100000,7000
20150228,6900,7200,6900,7100,7000,7000000000,200000,7000
20150225,7000,7000,6900,7200,6900,6900000000,90000,7100
20150224,7200,7200,7000,7200,7000,7000000000,20000,7200
20150223,7100,7100,7000,7200,7000,7000000000,30000,7200
20150222,7400,7400,7100,7200,7100,7100000000,70000,7200
20150221,7000,7400,7000,7100,7200,7200000000,190000,7200
20150218,7200,7200,7100,7100,7100,7100000000,100000,7100
20150217,7200,7300,7000,7100,7000,7000000000,200000,7100
20150216,7100,7200,7000,7000,7200,7200000000,370000,7100
20150215,7000,7100,6900,7000,7000,7000000000,80000,7000
20150214,7200,7200,6900,7200,7100,7100000000,350000,7000
20150210,7000,7200,6900,7200,7100,7100000000,60000,7200
20150209,7200,7200,7000,7300,7100,7100000000,160000,7200
20150208,7400,7500,7100,7300,7300,7300000000,260000,7300
20150207,7100,7400,7100,7100,7400,7400000000,640000,7300
20150204,6900,7100,6900,6800,7100,7100000000,540000,7100
20150203,6800,6900,6800,6800,6800,6800000000,70000,6800
20150202,6900,6900,6700,6800,6700,6700000000,120000,6800
20150201,6800,7000,6700,6800,6900,6900000000,90000,6800
20150131,7000,7100,6800,6800,7000,7000000000,110000,6800
20150128,6700,6900,6700,6800,6900,6900000000,110000,6800
20150127,6900,6900,6700,6800,6700,6700000000,90000,6800
20150126,6700,6700,6600,6800,6600,6600000000,140000,6800
20150125,6800,6900,6700,6900,6700,6700000000,50000,6800
20150124,6700,6900,6700,6900,6700,6700000000,90000,6900
20150121,6700,6900,6700,7000,6900,6900000000,190000,6900
20150120,7000,7100,6900,7000,7100,7100000000,70000,7000
20150119,6900,7100,6800,7000,7000,7000000000,170000,7000
20150118,7100,7200,7000,7000,7100,7100000000,120000,7000
20150117,7200,7200,6900,7000,6900,6900000000,90000,7000
20150114,7000,7100,6800,7100,7000,7000000000,210000,7000
20150113,7100,7100,7000,6800,7100,7100000000,970000,7100
20150112,6600,7000,6600,6700,7000,7000000000,110000,6800
20150111,6600,7000,6600,6800,6800,6800000000,380000,6700
20150110,6700,6700,6600,6900,6600,6600000000,170000,6800
20150107,6900,7000,6800,6900,6900,6900000000,320000,6900
20150106,6900,6900,6900,7200,6900,6900000000,740000,6900
20150105,7300,7300,7200,7500,7200,7200000000,440000,7200
20150104,7600,7600,7300,7500,7400,7400000000,50000,7500
20141229,7500,7500,7400,7400,7500,7500000000,600000,7500
20141228,7400,7600,7400,7400,7500,7500000000,260000,7400
20141227,7300,7500,7300,7400,7500,7500000000,300000,7400
20141224,7500,7500,7300,7400,7300,7300000000,310000,7400
20141222,7600,7600,7400,7300,7400,7400000000,270000,7400
20141220,7300,7500,7300,7600,7400,7400000000,1090000,7300
20141217,7500,7800,7500,7800,7500,7500000000,360000,7600
20141216,7900,8100,7600,7900,7600,7600000000,820000,7800
20141215,7800,8100,7800,7500,7900,7900000000,2280000,7900
20141203,7800,7900,7300,7600,7600,7600000000,1510000,7500
20141202,7500,7700,7500,7400,7700,7700000000,1850000,7600
20141201,7000,7400,7000,7100,7400,7400000000,1590000,7400
20141130,7300,7300,7000,7300,7000,7000000000,730000,7100
20141129,7400,7400,7000,7100,7300,7300000000,3190000,7300
20141126,6800,7100,6800,6800,7100,7100000000,550000,7100
20141125,6900,7100,6800,7100,6800,6800000000,1910000,6800
20141124,7100,7100,6900,6900,7000,7000000000,1590000,7100
20141123,6600,6900,6600,6700,6900,6900000000,560000,6900
20141122,6800,6800,6600,6900,6600,6600000000,1230000,6700
20141119,7100,7100,6900,7200,6900,6900000000,890000,6900
20141118,7300,7300,7000,7000,7100,7100000000,3290000,7200
20141117,7000,7000,7000,6800,7000,7000000000,510000,7000
20141116,6600,6800,6600,4500,6800,6800000000,500000,6800
20141019,4500,4500,4400,4500,4400,4400000000,380000,4500
20141018,4600,4600,4400,4500,4500,4500000000,230000,4500
20141015,4500,4600,4500,4500,4500,4500000000,170000,4500
20141014,4400,4600,4400,4500,4600,4600000000,220000,4500
20141012,4400,4600,4400,4500,4500,4500000000,170000,4500
20141011,4500,4600,4500,4500,4500,4500000000,80000,4500
20141008,4400,4500,4400,4500,4500,4500000000,40000,4500
20141007,4500,4500,4400,4600,4500,4500000000,220000,4500
20141006,4600,4600,4500,4600,4600,4600000000,60000,4600
20141004,4600,4600,4600,4600,4600,4600000000,60000,4600
20141001,4600,4700,4600,4600,4600,4600000000,50000,4600
20140930,4600,4800,4600,4600,4700,4700000000,200000,4600
20140929,4500,4700,4500,4600,4700,4700000000,50000,4600
20140928,4500,4700,4500,4500,4700,4700000000,460000,4600
20140927,4500,4600,4500,4500,4500,4500000000,150000,4500
20140924,4400,4600,4400,4500,4500,4500000000,90000,4500
20140920,4400,4500,4400,4500,4400,4400000000,270000,4500
20140917,4600,4600,4500,4500,4500,4500000000,120000,4500
20140916,4500,4500,4400,4500,4500,4500000000,1440000,4500
20140915,4500,4600,4400,4600,4500,4500000000,100000,4500
20140914,4500,4500,4500,4600,4500,4500000000,220000,4600
20140913,4500,4500,4500,4700,4500,4500000000,130000,4600
20140910,4600,4700,4600,4700,4600,4600000000,150000,4700
20140909,4700,4800,4700,4700,4700,4700000000,210000,4700
20140908,4700,4800,4700,4800,4700,4700000000,450000,4700
20140907,4900,4900,4700,4700,4700,4700000000,340000,4800
20140906,4700,4800,4600,4600,4800,4800000000,710000,4700
20140903,4500,4600,4500,4400,4600,4600000000,510000,4600
20140902,4400,4500,4400,4400,4500,4500000000,330000,4400
20140901,4400,4400,4300,4300,4400,4400000000,270000,4400
20140831,4300,4400,4200,4300,4400,4400000000,320000,4300
20140830,4400,4400,4200,4300,4300,4300000000,240000,4300
20140827,4200,4300,4200,4300,4300,4300000000,220000,4300
20140826,4300,4400,4200,4200,4300,4300000000,270000,4300
20140825,4300,4300,4200,4300,4300,4300000000,430000,4200
20140824,4300,4300,4200,4300,4300,4300000000,280000,4300
20140823,4300,4500,4300,4300,4300,4300000000,170000,4300
20140820,4300,4400,4200,4200,4400,4400000000,980000,4300
20140819,4200,4200,4100,4200,4200,4200000000,480000,4200
20140818,4400,4400,4200,4400,4300,4300000000,450000,4200
20140817,4400,4400,4300,4400,4300,4300000000,280000,4400
20140816,4300,4400,4300,4300,4300,4300000000,560000,4400
20140813,4100,4300,4100,4100,4300,4300000000,580000,4300
20140812,4300,4300,4100,4300,4100,4100000000,590000,4100
20140811,4400,4400,4200,4300,4200,4200000000,460000,4300
20140810,4300,4300,4200,4200,4300,4300000000,2210000,4300
20140809,4300,4300,4300,4100,4300,4300000000,60000,4200
20140806,4100,4200,4100,4100,4200,4200000000,290000,4100
20140805,4100,4100,4000,4100,4100,4100000000,750000,4100
20140804,4000,4100,4000,4100,4000,4000000000,860000,4100
20140803,4200,4200,4100,4800,4100,4100000000,1590000,4100
20140405,4800,4800,4500,4600,4800,4800000000,980000,4800
20140331,4700,4700,4700,4600,4700,4700000000,80000,4600
20140330,4700,4700,4700,4500,4700,4700000000,80000,4600
20140329,4500,4600,4500,4500,4600,4600000000,180000,4500
20140326,4500,4500,4400,4400,4500,4500000000,390000,4500
20140325,4400,4400,4400,4200,4400,4400000000,440000,4400
20140319,4300,4300,4300,4100,4300,4300000000,170000,4200
20140318,4300,4300,4300,4100,4300,4300000000,60000,4100
20140317,4200,4200,4200,4100,4200,4200000000,200000,4100
20140316,4200,4200,4200,4000,4200,4200000000,120000,4100
20140315,4100,4100,4100,3900,4100,4100000000,200000,4000
20140312,3800,4100,3800,3900,4100,4100000000,280000,3900
20140311,3900,4000,3900,4100,3900,3900000000,530000,3900
20140310,4100,4100,4000,4200,4100,4100000000,300000,4100
20140309,4200,4300,4100,4300,4100,4100000000,350000,4200
20140308,4400,4500,4200,4400,4300,4300000000,340000,4300
20140305,4400,4500,4300,4300,4400,4400000000,310000,4400
20140304,4300,4400,4300,4400,4300,4300000000,190000,4300
20140303,4500,4500,4300,4400,4300,4300000000,280000,4400
20140302,4500,4500,4300,4400,4400,4400000000,390000,4400
20140301,4300,4500,4300,4300,4500,4500000000,260000,4400
20140226,4200,4400,4200,4300,4300,4300000000,370000,4300
20140225,4300,4400,4300,4400,4300,4300000000,530000,4300
20140224,4600,4600,4400,4500,4400,4400000000,820000,4400
20140223,4500,4600,4500,4400,4600,4600000000,770000,4500
20140222,4400,4400,4300,5400,4400,4400000000,940000,4400
20140218,5400,5600,5300,5500,5400,5400000000,440000,5400
20140217,5500,5500,5300,5300,5500,5500000000,870000,5500
20140216,5300,5400,5300,5200,5400,5400000000,330000,5300
20140215,5000,5400,5000,5200,5200,5200000000,310000,5200
20140212,5100,5100,5100,5300,5100,5100000000,190000,5200
20140210,5500,5700,5200,5500,5200,5200000000,860000,5300
20140209,5300,5600,5300,5500,5600,5600000000,530000,5500
20140208,5500,5500,5500,5700,5500,5500000000,490000,5500
20140205,5900,6000,5700,5900,5700,5700000000,450000,5700
20140204,5900,6200,5800,5900,5800,5800000000,370000,5900
20140203,5900,6100,5900,6100,6000,6000000000,750000,5900
20140202,6600,6600,6100,6300,6100,6100000000,860000,6100
20140201,6400,6500,6400,6200,6500,6500000000,190000,6300
20140129,6200,6300,6100,6000,6300,6300000000,700000,6200
20140128,6000,6000,6000,5800,6000,6000000000,990000,6000
20140127,5800,5900,5800,6000,5800,5800000000,620000,5800
20140126,6300,6500,6000,6200,6000,6000000000,510000,6000
20140125,6200,6500,6200,6500,6200,6200000000,590000,6200
20140122,6500,6600,6500,6700,6500,6500000000,570000,6500
20140121,6800,7100,6600,6800,6600,6600000000,480000,6700
20140120,7000,7000,6800,7100,6800,6800000000,1050000,6800
20140118,7100,7200,7000,7200,7000,7000000000,390000,7100
20140115,7400,7400,7100,7400,7100,7100000000,350000,7200
20140114,7700,7800,7200,7500,7300,7300000000,810000,7400
20140113,7400,7500,7300,7300,7500,7500000000,1010000,7500
20140112,7500,7500,7200,7500,7200,7200000000,990000,7300
20140111,7700,7700,7500,7700,7500,7500000000,990000,7500
20140108,7800,7800,7600,7800,7700,7700000000,900000,7700
20140107,8000,8000,7800,8000,7800,7800000000,710000,7800
20140106,8200,8200,7900,8000,7900,7900000000,910000,8000
20140105,7900,8200,7900,8000,8100,8100000000,1020000,8000
20140104,8300,8300,7900,8000,8000,8000000000,1110000,8000
20140101,8300,8300,8000,8300,8100,8100000000,1220000,8000
20131230,8600,8600,8200,8600,8200,8200000000,1230000,8300
20131229,8600,8800,8400,8600,8500,8500000000,2140000,8600
20131228,8200,8600,8200,8300,8600,8600000000,7020000,8600
20131225,8700,8700,8200,8500,8200,8200000000,1430000,8300
20131224,8400,8600,8300,8300,8300,8300000000,840000,8500
20131222,8500,8500,8200,8400,8300,8300000000,400000,8300
20131221,8100,8500,8100,8200,8400,8400000000,1680000,8400
20131218,8000,8400,8000,8300,8000,8000000000,1170000,8200
20131217,8400,8400,8200,8500,8200,8200000000,830000,8300
20131216,8600,8600,8200,8300,8400,8400000000,3380000,8500
20131215,8300,8300,8300,8000,8300,8300000000,660000,8300
20131214,8000,8000,7700,7700,8000,8000000000,3120000,8000
20131211,7700,7700,7700,7400,7700,7700000000,1350000,7700
20131210,7200,7400,7200,7100,7400,7400000000,610000,7400
20131209,7200,7200,7100,7200,7200,7200000000,620000,7100
20131208,7400,7400,7200,7400,7200,7200000000,640000,7200
20131207,7500,7500,7300,7400,7400,7400000000,500000,7400
20131204,7300,7500,7200,7300,7400,7400000000,1080000,7400
20131203,7500,7500,7200,7400,7200,7200000000,550000,7300
20131202,7400,7500,7300,7600,7400,7400000000,580000,7400
20131201,7700,7800,7300,7500,7400,7400000000,960000,7600
20131130,7400,7600,7400,7300,7500,7500000000,1970000,7500
20131127,7100,7400,7100,7200,7200,7200000000,1000000,7300
20131126,7200,7200,7100,7100,7200,7200000000,890000,7200
20131125,7100,7100,7000,7200,7100,7100000000,1400000,7100
20131124,7400,7400,7100,7200,7100,7100000000,1180000,7200
20131123,7300,7300,7100,7200,7200,7200000000,930000,7200
20131120,7300,7300,7100,7200,7200,7200000000,820000,7200
20131119,7300,7300,7200,7200,7200,7200000000,620000,7200
20131118,7200,7400,7200,7300,7200,7200000000,480000,7200
20131117,7400,7400,7200,7300,7200,7200000000,270000,7300
20131116,7400,7400,7200,7400,7300,7300000000,820000,7300
20131112,7500,7600,7300,7400,7300,7300000000,490000,7400
20131111,7200,7400,7100,7200,7400,7400000000,760000,7400
20131110,7200,7400,7100,7300,7100,7100000000,1010000,7200
20131109,7700,7700,7200,7500,7300,7300000000,1200000,7300
20131106,7500,7600,7400,7500,7500,7500000000,590000,7500
20131105,7300,7600,7300,7400,7600,7600000000,470000,7500
20131104,7400,7500,7300,7500,7400,7400000000,450000,7400
20131103,7600,7600,7400,7500,7400,7400000000,470000,7500
20131102,7900,7900,7400,7800,7500,7500000000,1290000,7500
20131030,7700,8000,7700,7900,7700,7700000000,660000,7800
20131029,7900,8000,7700,7900,7700,7700000000,930000,7900
20131028,8000,8100,7700,8000,7800,7800000000,1490000,7900
20131027,8000,8000,8000,8300,8000,8000000000,420000,8000
20131026,8500,8500,8100,8300,8100,8100000000,1800000,8300
20131020,8200,8300,8200,8000,8300,8300000000,860000,8300
20131019,7900,8300,7700,8000,8100,8100000000,1660000,8000
20131015,8100,8100,7900,8100,7900,7900000000,980000,8000
20131014,8200,8200,7900,8200,8100,8100000000,800000,8100
20131013,8300,8300,8100,8200,8200,8200000000,1950000,8200
20131012,8300,8300,8100,8400,8200,8200000000,1320000,8200
20131009,8600,8600,8100,8300,8300,8300000000,6660000,8400
20131008,8300,8300,8300,7900,8300,8300000000,520000,8300
20131007,7900,7900,7900,7600,7900,7900000000,540000,7900
20131001,7700,7700,7700,7400,7700,7700000000,290000,7600
20130930,7700,7700,7700,7400,7700,7700000000,110000,7400
20130929,7600,7600,7600,7300,7600,7600000000,80000,7400
20130928,7500,7500,7500,7200,7500,7500000000,210000,7300
20130925,7000,7300,7000,7000,7300,7300000000,370000,7200
20130924,7200,7200,7000,7200,7000,7000000000,1260000,7000
20130923,7300,7500,7000,7300,7200,7200000000,770000,7200
20130922,7500,7500,7100,7400,7100,7100000000,220000,7300
20130917,7400,7500,7300,7400,7400,7400000000,590000,7400
20130916,7400,7500,7300,7600,7400,7400000000,1210000,7400
20130915,7800,7800,7400,7600,7500,7500000000,130000,7600
20130914,7900,7900,7400,7700,7800,7800000000,490000,7600
20130911,7800,7800,7800,7500,7800,7800000000,200000,7700
20130910,7500,7500,7500,7200,7500,7500000000,570000,7500
20130909,7500,7500,7200,7200,7200,7200000000,610000,7200
20130908,7100,7300,7100,7300,7300,7300000000,340000,7200
20130907,7300,7300,7300,7700,7300,7300000000,520000,7300
20130904,7400,7400,7400,7800,7400,7400000000,150000,7700
20130903,8000,8100,7600,7900,7700,7700000000,880000,7800
20130901,7600,8100,7600,7900,8000,8000000000,530000,7900
20130831,7900,7900,7800,8100,7800,7800000000,460000,7900
20130828,7900,7900,7900,8300,7900,7900000000,170000,8100
20130827,8600,8800,8100,8500,8100,8100000000,1770000,8300
20130826,8300,8600,8300,8200,8600,8600000000,810000,8500
20130825,8200,8500,8200,8500,8300,8300000000,2460000,8200
20130824,8300,8500,8300,8600,8300,8300000000,140000,8500
20130821,8900,8900,8500,8900,8500,8500000000,1290000,8600
20130820,8900,9100,8500,8700,8700,8700000000,940000,8900
20130819,8400,9000,8400,8700,8900,8900000000,1940000,8700
20130818,8700,8700,8600,9000,8600,8600000000,450000,8700
20130817,9300,9300,8600,8900,8600,8600000000,2610000,9000
20130814,8900,8900,8900,8600,8900,8900000000,490000,8900
20130813,8900,8900,8900,8500,8900,8900000000,90000,8600
20130812,8800,8800,8800,8500,8800,8800000000,40000,8500
20130811,8700,8700,8700,8400,8700,8700000000,100000,8500
20130807,8400,8400,8300,8100,8400,8400000000,1050000,8400
20130806,7900,8200,7700,7900,8200,8200000000,1130000,8100
20130805,7900,7900,7700,7600,7900,7900000000,3450000,7900
20130804,7400,7800,7400,7500,7800,7800000000,5250000,7600
20130803,7800,7800,7300,7600,7400,7400000000,5700000,7500
20130731,7600,7600,7600,7300,7600,7600000000,3480000,7600
20130729,7300,7300,7300,7000,7300,7300000000,1050000,7300
20130728,7000,7100,6900,6900,7100,7100000000,3720000,7000
20130727,7000,7100,6700,5100,6700,6700000000,3770000,6900
20130313,5100,5200,5100,5300,5200,5200000000,570000,5100
20130312,5400,5400,5200,6500,5200,5200000000,570000,5300
20130218,6500,6500,6400,6200,6500,6500000000,1040000,6500
20130217,6200,6300,6200,6000,6300,6300000000,420000,6200
20130216,6200,6200,5900,6000,6200,6200000000,250000,6000
20130213,5900,6200,5700,6000,6100,6100000000,330000,6000
20130212,6100,6200,6000,6200,6000,6000000000,500000,6000
20130211,6300,6300,6100,6300,6200,6200000000,240000,6200
20130209,6400,6400,6100,6100,6200,6200000000,720000,6300
20130206,6200,6200,6200,5900,6200,6200000000,400000,6100
20130205,6000,6100,6000,5800,6100,6100000000,170000,5900
20130204,5700,5800,5700,5900,5700,5700000000,210000,5800
20130203,6000,6000,5900,6000,5900,5900000000,160000,5900
20130202,5900,6100,5900,5900,5900,5900000000,510000,6000
20130130,5900,6000,5900,6100,6000,6000000000,670000,5900
20130128,6100,6100,6100,6300,6100,6100000000,410000,6100
20130127,6200,6200,6200,6400,6200,6200000000,170000,6300
20130126,6700,6700,6400,6700,6400,6400000000,510000,6400
20130123,6700,7000,6600,6900,6700,6700000000,9080000,6700
20130122,6800,6800,6800,7100,6800,6800000000,250000,6900
20130121,7300,7300,7000,7300,7000,7000000000,340000,7100
20130120,7000,7300,7000,7200,7100,7100000000,660000,7300
20130119,7200,7400,7200,7500,7200,7200000000,660000,7200
20130116,7300,7300,7300,7600,7300,7300000000,90000,7500
20130115,7300,7300,7300,7600,7300,7300000000,80000,7600
20130114,7600,7600,7400,7700,7400,7400000000,130000,7600
20130113,7800,7900,7600,7800,7600,7600000000,200000,7700
20130109,7800,8000,7800,7800,7800,7800000000,1010000,7800
20130108,7800,7800,7800,7500,7800,7800000000,610000,7800
20130107,7200,7500,7200,7200,7500,7500000000,760000,7500
20130106,7500,7500,7000,7300,7200,7200000000,260000,7200
20130102,7600,7600,7300,7600,7400,7400000000,560000,7300
20130101,7800,7900,7500,7700,7500,7500000000,400000,7600
20121231,7700,7900,7700,8000,7700,7700000000,1630000,7700
20121230,7900,7900,7900,8200,7900,7900000000,350000,8000
20121229,8300,8300,7900,8000,7900,7900000000,1120000,8200
20121226,8300,8300,8300,8000,8300,8300000000,60000,8000
20121225,8200,8200,8200,7900,8200,8200000000,70000,8000
20121224,7900,8100,7600,7800,8100,8100000000,270000,7900
20121223,7900,8000,7800,8100,7800,7800000000,510000,7800
20121222,8000,8100,8000,8200,8000,8000000000,200000,8100
20121219,8000,8200,8000,8300,8000,8000000000,120000,8200
20121218,8400,8400,8200,8300,8200,8200000000,110000,8300
20121217,8200,8400,8000,8300,8200,8200000000,200000,8300
20121216,8200,8300,8200,8300,8200,8200000000,40000,8300
20121215,8500,8500,8200,8300,8200,8200000000,50000,8300
20121212,8200,8300,8100,8300,8200,8200000000,60000,8300
20121211,8400,8500,8200,8400,8200,8200000000,120000,8300
20121210,8300,8400,8200,8400,8300,8300000000,160000,8400
20121209,8500,8500,8200,8500,8300,8300000000,90000,8400
20121208,8600,8600,8200,8600,8200,8200000000,240000,8500
20121205,8800,8800,8400,8700,8400,8400000000,340000,8600
20121204,8400,8900,8400,8700,8500,8500000000,200000,8700
20121203,8800,8900,8700,9100,8700,8700000000,500000,8700
20121202,9000,9200,8800,9200,8800,8800000000,280000,9100
20121201,9200,9500,9000,9300,9100,9100000000,310000,9200
20121128,9100,9300,9100,9000,9200,9200000000,560000,9300
20121127,9000,9200,8800,9200,9000,9000000000,920000,9000
20121126,8900,8900,8900,9300,8900,8900000000,110000,9200
20121121,8900,8900,8900,9300,8900,8900000000,0,9300
20121120,8900,8900,8900,9300,8900,8900000000,0,9300
20121119,8900,8900,8900,9300,8900,8900000000,0,9300
20121118,8900,8900,8900,9300,8900,8900000000,0,9300
20121117,8900,8900,8900,9300,8900,8900000000,30000,9300
20121114,9000,9000,9000,9300,9000,9000000000,30000,9300
20121113,9100,9200,9000,9400,9000,9000000000,60000,9300
20121112,9400,9800,9200,9600,9200,9200000000,760000,9400
20121111,9600,9600,9300,9200,9600,9600000000,2380000,9600
20121110,9200,9200,9200,8900,9200,9200000000,1920000,9200
20121107,8900,8900,8900,8500,8900,8900000000,500000,8900
20121106,8500,8800,8500,6400,8800,8800000000,1390000,8500
20121001,23800,24500,23600,24600,23600,23600000000,2390000,23600
20120930,25800,25800,24200,25200,24200,24200000000,2160000,24600
20120929,25200,25200,25200,24300,25200,25200000000,370000,25200
20120926,24500,24500,24500,23600,24500,24500000000,90000,24300
20120925,23600,23600,23600,22700,23600,23600000000,130000,23600
20120924,22700,22700,22700,21800,22700,22700000000,3350000,22700
20120923,21900,21900,21100,21000,21900,21900000000,890000,21800
20120922,20900,21000,20900,20200,21000,21000000000,350000,21000
20120919,20800,20800,19500,20300,20200,20200000000,60000,20200
20120918,19600,20400,19600,19600,20400,20400000000,120000,20300
20120917,19500,19600,19000,18900,19600,19600000000,820000,19600
20120916,18900,18900,18900,18200,18900,18900000000,120000,18900
20120915,18200,18200,18200,17500,18200,18200000000,130000,18200
20120911,17200,17900,17200,14900,17900,17900000000,180000,17500
20120715,14300,14300,14300,14900,14300,14300000000,0,14900
20120714,14300,14300,14300,14900,14300,14300000000,0,14900
20120711,14400,15500,14400,15000,14400,14400000000,260000,14900
20120710,14400,14400,14400,15000,14400,14400000000,0,15000
20120707,14500,14500,14500,15100,14500,14500000000,10000,15000
20120704,14500,15000,14500,15100,14500,14500000000,0,15100
20120703,15400,15400,14800,15400,14800,14800000000,70000,15100
20120702,14900,15500,14900,15500,15000,15000000000,240000,15400
20120701,15600,15700,15000,15500,15000,15000000000,50000,15500
20120630,14900,15900,14900,15500,15800,15800000000,50000,15500
20120627,15000,15000,15000,15600,15000,15000000000,10000,15500
20120625,15000,15000,15000,15600,15000,15000000000,0,15600
20120624,15100,15100,15100,15700,15100,15100000000,10000,15600
20120620,15700,15700,15700,15700,15700,15700000000,0,15700
20120617,15600,16200,15600,16300,15900,15900000000,140000,15700
20120616,16100,16700,16100,16600,16100,16100000000,90000,16300
20120613,16800,16900,15800,16300,16700,16700000000,130000,16600
20120612,16500,16500,16000,15900,16000,16000000000,120000,16300
20120611,15000,16100,15000,15500,16100,16100000000,120000,15900
20120610,15500,16200,15500,16100,15500,15500000000,140000,15500
20120609,16100,16500,16000,16700,16000,16000000000,120000,16100
20120606,16900,16900,16200,16800,16700,16700000000,40000,16700
20120605,17100,17100,16500,16700,16800,16800000000,130000,16800
20120602,16900,17000,16500,16500,16700,16700000000,170000,16700
20120530,16300,16500,16100,15900,16500,16500000000,730000,16500
20120529,15300,15900,15300,15300,15900,15900000000,210000,15900
20120528,15400,15500,14800,14900,15500,15500000000,1590000,15300
20120527,14900,15400,14900,15300,15100,15100000000,190000,14900
20120526,15300,15500,15200,15900,15200,15200000000,580000,15300
20120523,15500,16000,15400,15400,15800,15800000000,430000,15900
20120522,15100,15700,14500,15100,15700,15700000000,610000,15400
20120521,15500,15500,15000,15100,15000,15000000000,100000,15100
20120520,15100,15400,14700,15000,15000,15000000000,210000,15100
20120519,14900,15000,14900,14400,14900,14900000000,540000,15000
20120516,14100,14900,13800,14300,14700,14700000000,1160000,14400
20120515,14900,14900,14200,14600,14200,14200000000,330000,14300
20120514,14400,14900,14400,14900,14500,14500000000,2480000,14600
20120422,15100,15100,14700,15200,14800,14800000000,310000,14900
20120421,15300,15500,15000,15200,15000,15000000000,410000,15200
20120418,15200,15600,15000,15100,15100,15100000000,380000,15200
20120417,15800,15800,14800,15200,14800,14800000000,560000,15100
20120416,15500,15600,14400,15000,15400,15400000000,2520000,15200
20120415,15000,15000,15000,14400,15000,15000000000,130000,15000
20120414,14400,14500,14300,13900,14500,14500000000,230000,14400
20120411,13800,14100,13000,13600,14100,14100000000,1750000,13900
20120410,13400,14100,13400,13900,13400,13400000000,740000,13600
20120409,13800,14000,13600,13400,13900,13900000000,2330000,13900
20120408,13400,13400,13400,12900,13400,13400000000,8470000,13400
20120407,12900,12900,12900,12400,12900,12900000000,130000,12900
20120404,12400,12400,12400,11900,12400,12400000000,130000,12400
20120403,11500,11900,11500,10600,11900,11900000000,150000,11900
20120402,10600,10600,10600,10200,10600,10600000000,130000,10600
20120328,10200,10200,10200,9800,10200,10200000000,130000,10200
20120327,9800,9800,9800,9500,9800,9800000000,130000,9800
20120326,9500,9500,9500,9200,9500,9500000000,100000,9500
20120325,9200,9200,9200,8900,9200,9200000000,100000,9200
20120324,8700,9100,8700,9500,9100,9100000000,100000,8900
20120128,9200,9200,9200,9600,9200,9200000000,0,9500
20111213,9200,9200,9200,9600,9200,9200000000,0,9600
20111128,9600,9600,9600,9600,9600,9600000000,40000,9600
20110927,9200,9200,9200,9600,9200,9200000000,0,9600
20110824,9500,9500,9500,9600,9500,9500000000,0,9600
20110823,9500,9500,9500,9600,9500,9500000000,0,9600
20110627,9200,9200,9200,9600,9200,9200000000,0,9600
20110620,9200,9200,9200,9600,9200,9200000000,0,9600
20110613,9600,9600,9600,9600,9600,9600000000,10000,9600
20110607,9200,9200,9200,9600,9200,9200000000,0,9600
20110606,9200,9200,9200,9600,9200,9200000000,0,9600
20110523,9200,9200,9200,9600,9200,9200000000,0,9600
20110518,9600,9600,9600,9600,9600,9600000000,20000,9600
20100828,9200,9200,9200,9600,9200,9200000000,10000,9600
20100825,9200,9200,9200,9600,9200,9200000000,0,9600
20100705,9200,9200,9200,9600,9200,9200000000,0,9600
20100609,9600,9600,9600,9600,9600,9600000000,0,9600
20100512,9900,9900,9900,9600,9900,9900000000,0,9600
20100424,9600,9600,9600,10000,9600,9600000000,0,9600
20100306,9900,10000,9900,10000,10000,10000000000,0,10000
20100303,10000,10000,10000,9800,10000,10000000000,0,10000
20100210,9500,9500,9500,9800,9500,9500000000,0,9800
20100208,9500,9500,9500,9800,9500,9500000000,0,9800
20100120,9500,9500,9500,9900,9500,9500000000,0,9800
20100117,9900,9900,9900,8000,9900,9900000000,0,9900
20091228,8000,8000,8000,8000,8000,8000000000,0,8000
20091222,8100,8100,8100,8000,8100,8100000000,0,8000
20091209,8000,8000,8000,8000,8000,8000000000,70000,8000
20091207,8000,8000,8000,8000,8000,8000000000,0,8000
20091201,8000,8000,8000,8000,8000,8000000000,0,8000
20091129,8000,8000,8000,8000,8000,8000000000,0,8000
20091121,8000,8000,8000,8000,8000,8000000000,0,8000
20091118,8000,8000,8000,8000,8000,8000000000,10000,8000
20091116,8000,8000,8000,8000,8000,8000000000,0,8000
20091111,8000,8000,8000,8000,8000,8000000000,0,8000
20091110,8000,8000,8000,8000,8000,8000000000,0,8000
20091109,8000,8000,8000,8000,8000,8000000000,10000,8000
20090825,8200,8200,8200,8000,8200,8200000000,0,8000
20090823,8200,8200,8200,8000,8200,8200000000,0,8000
20090819,8200,8200,8200,8000,8200,8200000000,0,8000
20090815,8200,8200,8200,8000,8200,8200000000,0,8000
20090810,8200,8200,8200,8000,8200,8200000000,0,8000
20090809,8200,8200,8200,8000,8200,8200000000,0,8000
20090808,8000,8000,8000,14000,8000,8000000000,10000,8000
20090623,14000,14000,14000,13900,14000,14000000000,10000,14000
20090606,14000,14000,14000,13900,14000,14000000000,0,13900
20090601,14000,14000,14000,13900,14000,14000000000,0,13900
20090531,14000,14000,14000,13900,14000,14000000000,10000,13900
20090530,14000,14000,14000,13900,14000,14000000000,30000,13900
20090513,14000,14000,14000,13900,14000,14000000000,0,13900
20090512,14000,14000,14000,13900,14000,14000000000,0,13900
20090511,14000,14000,14000,13900,14000,14000000000,0,13900
20090510,14000,14000,14000,13900,14000,14000000000,0,13900
20090503,14000,14000,14000,13900,14000,14000000000,0,13900
20090502,14000,14000,14000,13900,14000,14000000000,0,13900
20090427,14000,14000,14000,13900,14000,14000000000,0,13900
20090422,14000,14000,14000,13900,14000,14000000000,0,13900
20090420,14000,14000,14000,13900,14000,14000000000,0,13900
20090419,14000,14000,14000,13900,14000,14000000000,0,13900
20090418,14000,14000,14000,13900,14000,14000000000,0,13900
20090415,14000,14000,14000,13900,14000,14000000000,0,13900
20090408,14000,14000,14000,13900,14000,14000000000,0,13900
20090405,14000,14000,14000,13900,14000,14000000000,0,13900
20090318,14000,14000,14000,13900,14000,14000000000,0,13900
20090317,14000,14000,14000,13900,14000,14000000000,0,13900
20090316,14000,14000,14000,13900,14000,14000000000,0,13900
20090314,14000,14000,14000,13900,14000,14000000000,10000,13900
20090311,14000,14000,14000,13900,14000,14000000000,0,13900
20090310,14000,14000,14000,13900,14000,14000000000,0,13900
20090309,14000,14000,14000,13900,14000,14000000000,0,13900
20090308,14000,14000,14000,13900,14000,14000000000,0,13900
20090304,13500,14000,13500,14000,14000,14000000000,0,13900
20090228,14000,14000,14000,14000,14000,14000000000,20000,14000
20090223,14000,14000,14000,14000,14000,14000000000,10000,14000
20090222,14000,14000,14000,15000,14000,14000000000,10000,14000
20090117,15000,15000,15000,15000,15000,15000000000,0,15000
20090114,15000,15000,15000,15000,15000,15000000000,0,15000
20090112,15000,15000,15000,15000,15000,15000000000,10000,15000
20090110,15000,15000,15000,15000,15000,15000000000,0,15000
20090105,15000,15000,15000,15000,15000,15000000000,0,15000
20090104,15000,15000,15000,15000,15000,15000000000,0,15000
20081231,15000,15000,15000,15000,15000,15000000000,0,15000
20081230,15000,15000,15000,15000,15000,15000000000,0,15000
20081229,15000,15000,15000,15000,15000,15000000000,0,15000
20081227,15000,15000,15000,15000,15000,15000000000,0,15000
20081224,15000,15000,15000,15000,15000,15000000000,0,15000
20081223,15000,15000,15000,14400,15000,15000000000,70000,15000
20081206,14500,14500,14500,14400,14500,14500000000,0,14400
20081203,14800,14800,14400,14400,14400,14400000000,0,14400
20081202,14500,14500,14400,14400,14400,14400000000,40000,14400
20081201,14500,14500,14400,14400,14400,14400000000,0,14400
20081130,14500,14500,14400,14400,14400,14400000000,0,14400
20081129,14500,14500,14400,14400,14400,14400000000,10000,14400
20081126,14500,14500,14400,14400,14400,14400000000,0,14400
20081125,14500,14500,14400,14400,14400,14400000000,0,14400
20081123,14500,14500,14400,14400,14400,14400000000,0,14400
20081122,14500,14500,14400,14400,14400,14400000000,20000,14400
20081119,14500,14500,14400,14400,14400,14400000000,0,14400
20081116,14500,14500,14400,14400,14400,14400000000,0,14400
20081110,14500,14500,14400,14400,14400,14400000000,0,14400
20081108,14500,14500,14400,14400,14400,14400000000,0,14400
20081105,14500,14500,14400,14400,14400,14400000000,0,14400
20081104,14500,14500,14400,14400,14400,14400000000,0,14400
20081103,14500,14500,14400,14400,14400,14400000000,0,14400
20081102,14500,14500,14400,14400,14400,14400000000,0,14400
20081101,14500,14500,14400,14400,14400,14400000000,0,14400
20081029,14500,14500,14400,14400,14400,14400000000,0,14400
20081028,14500,14500,14400,14400,14400,14400000000,0,14400
20081027,14500,14500,14400,14400,14400,14400000000,10000,14400
20081026,14500,14500,14400,14400,14400,14400000000,0,14400
20081022,14500,14500,14400,14400,14400,14400000000,0,14400
20081021,14500,14500,14400,14400,14400,14400000000,0,14400
20081020,14500,14500,14400,14400,14400,14400000000,0,14400
20081019,14500,14500,14400,14400,14400,14400000000,0,14400
20081015,14500,14500,14400,14400,14400,14400000000,10000,14400
20081014,14400,14500,14400,14400,14400,14400000000,0,14400
20081013,14400,14500,14400,14400,14400,14400000000,10000,14400
20081011,14500,14500,14000,14400,14400,14400000000,2160000,14400
20081007,14000,14400,14000,14500,14400,14400000000,0,14400
20081004,14500,14500,14500,14500,14500,14500000000,10000,14500
20080930,14500,14500,14500,14500,14500,14500000000,70000,14500
20080929,14500,14500,14500,14500,14500,14500000000,10000,14500
20080928,14500,14500,14500,14500,14500,14500000000,0,14500
20080927,14500,14500,14500,14500,14500,14500000000,20000,14500
20080923,14500,14500,14500,14500,14500,14500000000,0,14500
20080921,14500,14500,14400,14000,14500,14500000000,260000,14500
20080920,13600,14100,13600,13600,14000,14000000000,120000,14000
20080917,13700,13700,13600,13300,13600,13600000000,110000,13600
20080916,13000,13700,13000,13300,13300,13300000000,10000,13300
20080915,13300,13300,13300,12900,13300,13300000000,130000,13300
20080914,13100,13100,12900,12700,12900,12900000000,50000,12900
20080913,12800,13100,12700,12700,12700,12700000000,0,12700
20080910,13000,13000,12600,12600,12700,12700000000,50000,12700
20080909,12600,12600,12600,12800,12600,12600000000,130000,12600
20080908,12600,12800,12600,13000,12800,12800000000,1080000,12800
20080907,12900,13300,12900,13300,13000,13000000000,1530000,13000
20080826,12900,13300,12900,13300,13300,13300000000,0,13300
20080806,13100,13400,13100,13400,13300,13300000000,50000,13300
20080805,13400,13400,13100,13100,13400,13400000000,100000,13400
20080804,13400,13400,13100,13000,13100,13100000000,10000,13100
20080803,13300,13300,13000,12900,13000,13000000000,10000,13000
20080802,13100,13100,12900,12700,12900,12900000000,70000,12900
20080729,12900,12900,12700,12600,12700,12700000000,50000,12700
20080728,12800,12800,12600,12400,12600,12600000000,50000,12600
20080727,12800,12800,12400,12400,12400,12400000000,0,12400
20080726,12700,12700,12400,12400,12400,12400000000,0,12400
20080723,12700,12700,12400,12300,12400,12400000000,0,12400
20080722,12700,12700,12300,12300,12300,12300000000,10000,12300
20080721,12400,12600,12300,12300,12300,12300000000,20000,12300
20080720,12200,12600,12200,12200,12300,12300000000,20000,12300
20080719,12000,12500,11900,12300,12200,12200000000,40000,12200
20080707,12100,12500,12100,12100,12300,12300000000,90000,12300
20080706,12400,12500,12100,12100,12100,12100000000,10000,12100
20080705,12500,12500,12000,12100,12100,12100000000,30000,12100
20080702,12400,12500,12100,12100,12100,12100000000,0,12100
20080630,11700,12400,11700,12100,12100,12100000000,20000,12100
20080629,12100,12100,11700,12100,12100,12100000000,0,12100
20080628,11900,12400,11900,12000,12100,12100000000,20000,12100
20080625,12000,12400,11700,12000,12000,12000000000,330000,12000
20080624,12300,12300,5500,11900,12000,12000000000,49530000,12000
20080623,12000,12000,11900,11600,11900,11900000000,100000,11900
20080622,11700,11700,11600,11400,11600,11600000000,80000,11600
20080621,11600,11600,11400,11300,11400,11400000000,50000,11400
20080617,11600,11600,11300,11200,11300,11300000000,0,11300
20080616,11300,11600,11200,11200,11200,11200000000,0,11200
20080615,11200,11200,11200,11200,11200,11200000000,10000,11200
20080614,11500,11500,11200,11200,11200,11200000000,10000,11200
20080611,11000,11500,11000,11200,11200,11200000000,150000,11200
20080610,10900,11200,10900,11200,11200,11200000000,10000,11200
20080609,10900,11200,10900,11200,11200,11200000000,0,11200
20080608,11000,11200,11000,11200,11200,11200000000,0,11200
20080602,11000,11500,11000,11200,11200,11200000000,30000,11200
20080531,11000,11200,11000,11200,11200,11200000000,0,11200
20080528,11200,11500,11200,11200,11200,11200000000,30000,11200
20080527,11400,11500,11200,11100,11200,11200000000,30000,11200
20080525,11000,11500,10900,11100,11100,11100000000,10000,11100
20080524,11100,11100,11100,11100,11100,11100000000,0,11100
20080521,10900,11500,10900,11200,11100,11100000000,30000,11100
20080519,11100,11200,11100,11200,11200,11200000000,0,11200
20080518,10900,11300,10900,11200,11200,11200000000,150000,11200
20080514,11000,11200,11000,11200,11200,11200000000,0,11200
20080513,11200,11300,11100,11200,11200,11200000000,110000,11200
20080512,10900,11200,10900,11200,11200,11200000000,0,11200
20080511,11000,11200,11000,11300,11200,11200000000,40000,11200
20080506,11100,11300,11100,11300,11300,11300000000,0,11300
20080430,11100,11300,11100,11400,11300,11300000000,0,11300
20080429,11300,11400,11300,11400,11400,11400000000,0,11400
20080428,11400,11400,11400,11400,11400,11400000000,110000,11400
20080427,11400,11400,11200,11200,11400,11400000000,80000,11400
20080426,11200,11300,11000,11200,11200,11200000000,50000,11200
20080423,10900,11300,10900,11100,11200,11200000000,100000,11200
20080422,10400,11300,9700,11600,11100,11100000000,350000,11100
20080413,14300,14300,11600,11600,11600,11600000000,66000000,11600
20080226,11300,11600,11300,11600,11600,11600000000,0,11600
20080225,11600,11600,11400,11600,11600,11600000000,0,11600
20080224,11400,11600,11400,11600,11600,11600000000,0,11600
20080223,11600,11800,11300,11500,11600,11600000000,30000,11600
20080220,11400,11700,11400,11600,11500,11500000000,110000,11500
20080219,11500,11600,11400,11600,11600,11600000000,20000,11600
20080218,11500,11600,11500,11700,11600,11600000000,20000,11600
20080216,11700,11700,11700,11700,11700,11700000000,0,11700
20080213,11700,11700,11700,11700,11700,11700000000,0,11700
20080210,11600,11700,11600,11900,11700,11700000000,90000,11700
20080209,11600,11900,11600,11900,11900,11900000000,0,11900
20080206,11800,11900,11800,11900,11900,11900000000,0,11900
20080205,11900,11900,11800,11700,11900,11900000000,260000,11900
20080204,11800,11800,11600,11600,11700,11700000000,110000,11700
20080203,11600,11800,11400,11600,11600,11600000000,410000,11600
20080202,11600,11600,11600,11300,11600,11600000000,190000,11600
20080130,11400,11400,11300,11200,11300,11300000000,90000,11300
20080129,11300,11300,11200,11100,11200,11200000000,50000,11200
20080128,11200,11200,11100,11000,11100,11100000000,70000,11100
20080127,11000,11000,11000,10800,11000,11000000000,80000,11000
20080126,10900,10900,10800,10700,10800,10800000000,70000,10800
20080123,10800,10800,10700,10600,10700,10700000000,50000,10700
20080122,10800,10800,10600,10500,10600,10600000000,50000,10600
20080121,10800,10800,10500,10500,10500,10500000000,0,10500
20080120,10700,10700,10500,10500,10500,10500000000,20000,10500
20080116,10600,10600,10500,10400,10500,10500000000,40000,10500
20080115,10400,10400,10400,10200,10400,10400000000,230000,10400
20080114,10200,10200,10000,10000,10200,10200000000,790000,10200
20080113,9900,10300,9900,10100,10000,10000000000,340000,10000
20080112,10100,10100,10100,10300,10100,10100000000,0,10100
20080109,10100,10300,10100,10300,10300,10300000000,0,10300
20080108,10100,10300,10100,10300,10300,10300000000,0,10300
20080106,10100,10300,10100,10300,10300,10300000000,0,10300
20080105,10100,10300,10100,10300,10300,10300000000,0,10300
20071216,10100,10300,10100,10300,10300,10300000000,0,10300
20071215,10100,10300,10100,10300,10300,10300000000,0,10300
20071212,10100,10300,10100,10300,10300,10300000000,0,10300
20071211,10300,10500,10100,10300,10300,10300000000,10000,10300
20071210,10300,10400,10300,10500,10300,10300000000,210000,10300
20071209,10300,10500,10300,10500,10500,10500000000,10000,10500
20071208,10300,10500,10300,10600,10500,10500000000,0,10500
20071203,10300,10600,10300,10600,10600,10600000000,0,10600
20071201,10500,10800,10500,10700,10600,10600000000,110000,10600
20071128,10600,10900,10500,10700,10700,10700000000,20000,10700
20071127,10700,10700,10700,10900,10700,10700000000,90000,10700
20071126,10900,10900,10700,10900,10900,10900000000,20000,10900
20071125,11000,11100,10800,11000,10900,10900000000,30000,10900
20071124,11100,11100,10800,11100,11000,11000000000,50000,11000
20071121,11100,11500,11100,11300,11100,11100000000,680000,11100
20071120,11300,11300,11300,11500,11300,11300000000,0,11300
20071119,11500,11500,11500,11800,11500,11500000000,0,11500
20071118,11800,11800,11800,12000,11800,11800000000,0,11800
20071114,12000,12000,12000,12200,12000,12000000000,0,12000
20071113,12200,12200,12200,12500,12200,12200000000,0,12200
20071107,12200,12500,12200,12500,12500,12500000000,0,12500
20071105,12300,12500,12300,12500,12500,12500000000,0,12500
20071029,12300,12500,12300,12500,12500,12500000000,0,12500
20071024,12400,12500,12400,12600,12500,12500000000,60000,12500
20071023,12400,12600,12400,12600,12600,12600000000,0,12600
20071022,12400,12600,12400,12600,12600,12600000000,0,12600
20071020,12400,12600,12400,12600,12600,12600000000,0,12600
20071017,12400,12600,12400,12600,12600,12600000000,0,12600
20071015,12400,12600,12400,12600,12600,12600000000,0,12600
20071014,12400,12600,12400,12600,12600,12600000000,0,12600
20071007,12600,12600,12600,12900,12600,12600000000,0,12600
20071006,12900,12900,12900,13200,12900,12900000000,0,12900
20071001,13200,13200,13200,13400,13200,13200000000,0,13200
20070924,13200,13400,13200,13400,13400,13400000000,0,13400
20070919,13200,13400,13200,13400,13400,13400000000,10000,13400
20070918,13200,13400,13200,13400,13400,13400000000,0,13400
20070917,13200,13400,13200,13400,13400,13400000000,0,13400
20070916,13200,13400,13200,13500,13400,13400000000,0,13400
20070915,13500,13600,13200,13500,13500,13500000000,80000,13500
20070912,13400,13600,13400,13400,13500,13500000000,240000,13500
20070911,13400,13400,13400,13100,13400,13400000000,220000,13400
20070910,12900,13100,12900,12900,13100,13100000000,140000,13100
20070909,12900,13100,12700,12900,12900,12900000000,120000,12900
20070908,13100,13100,12900,13100,12900,12900000000,190000,12900
20070905,13300,13400,12900,13200,13100,13100000000,80000,13100
20070904,13400,13400,13100,13400,13200,13200000000,110000,13200
20070903,13400,13400,13400,13100,13400,13400000000,120000,13400
20070902,12900,13100,12900,12900,13100,13100000000,230000,13100
20070901,12900,13000,12700,12900,12900,12900000000,130000,12900
20070828,12900,13200,12900,13200,12900,12900000000,490000,12900
20070827,13200,13200,13200,13400,13200,13200000000,130000,13200
20070826,13300,13400,13300,13500,13400,13400000000,50000,13400
20070825,13600,13700,13300,13600,13500,13500000000,20000,13500
20070822,13600,13600,13400,13300,13600,13600000000,720000,13600
20070821,13300,13300,13300,13100,13300,13300000000,270000,13300
20070820,13300,13300,13100,13000,13100,13100000000,0,13100
20070819,13300,13300,13000,13000,13000,13000000000,10000,13000
20070818,13000,13100,12700,12900,13000,13000000000,900000,13000
20070815,13000,13000,12900,12800,12900,12900000000,50000,12900
20070814,12900,12900,12800,12700,12800,12800000000,30000,12800
20070813,12900,12900,12700,12600,12700,12700000000,20000,12700
20070812,12800,12800,12600,12600,12600,12600000000,30000,12600
20070808,12800,12800,12600,12500,12600,12600000000,10000,12600
20070807,12700,12700,12500,12400,12500,12500000000,50000,12500
20070806,12600,12600,12400,12400,12400,12400000000,20000,12400
20070805,12500,12500,12400,12300,12400,12400000000,40000,12400
20070804,12500,12500,12300,12200,12300,12300000000,40000,12300
20070801,12400,12400,12200,12200,12200,12200000000,20000,12200
20070731,12400,12400,12200,12100,12200,12200000000,30000,12200
20070730,12300,12300,12100,12100,12100,12100000000,20000,12100
20070729,12300,12300,12100,12100,12100,12100000000,10000,12100
20070725,12300,12300,12100,12000,12100,12100000000,0,12100
20070724,12300,12300,12000,12000,12000,12000000000,10000,12000
20070723,12100,12100,12000,11800,12000,12000000000,100000,12000
20070722,12000,12000,11800,11800,11800,11800000000,30000,11800
20070721,12000,12000,11800,11700,11800,11800000000,0,11800
20070718,11700,11700,11700,11500,11700,11700000000,140000,11700
20070717,11500,11500,11500,11300,11500,11500000000,140000,11500
20070716,11300,11300,11300,11100,11300,11300000000,160000,11300
20070715,11300,11300,11100,11000,11100,11100000000,10000,11100
20070714,11200,11200,11000,11000,11000,11000000000,50000,11000
20070711,11000,12000,10800,12300,11000,11000000000,540000,11000
20070703,12300,12400,12200,12300,12300,12300000000,340000,12300
20070702,12200,12400,12200,12300,12300,12300000000,80000,12300
20070701,12400,12400,12200,12200,12300,12300000000,70000,12300
20070630,12200,12200,12100,12000,12200,12200000000,120000,12200
20070627,12100,12100,12000,12200,12000,12000000000,340000,12000
20070626,12200,12300,6500,12300,12200,12200000000,8370000,12200
20070625,12400,12400,12200,12400,12300,12300000000,140000,12300
20070624,12600,12600,12300,12600,12400,12400000000,200000,12400
20070623,12600,12600,12500,12400,12600,12600000000,130000,12600
20070620,12400,12700,12400,12600,12400,12400000000,520000,12400
20070619,12800,12800,12600,12800,12600,12600000000,110000,12600
20070617,12700,12900,12700,12700,12800,12800000000,510000,12800
20070616,12700,12700,12500,12400,12700,12700000000,3120000,12700
20070613,12400,12400,12400,12200,12400,12400000000,260000,12400
20070612,12200,12200,12200,12000,12200,12200000000,370000,12200
20070611,12000,12000,12000,3500,12000,12000000000,6680000,12000
20040503,3500,3500,3500,1100,3500,3500000000,0,3500
20040106,1100,1100,1100,5000,1100,1100000000,0,1100
20030421,5000,5000,5000,5300,5000,5000000000,0,5000
20030331,5300,5300,5300,5600,5300,5300000000,0,5300
20030318,5600,5600,5600,1700,5600,5600000000,164190000,5600
20021221,1700,1700,1700,1700,1700,1700000000,0,1700
