Date,Open,High,Low,Close,Volume,OpenInt
15/11/19,1700,1700,1700,1700,1000,1
15/11/20,1700,5600,5600,5600,164195968,1
15/11/21,5600,5320,5320,5320,1000,1
15/11/22,5320,5054,5054,5054,885,5
15/11/23,5054,1101,1101,1101,885,5
15/11/24,1101,3500,3500,3500,885,5
15/11/25,3500,12000,12000,12000,6681000,2195
15/11/26,12000,12240,12240,12240,372082,229
15/11/27,12240,12484,12484,12484,261100,225
15/11/28,12484,12733,12502,12724,3122724,1823
15/11/29,12724,12970,12732,12890,519411,405
15/11/30,12890,12890,12633,12660,119963,57
15/12/01,12660,12718,12407,12433,525402,289
15/12/02,12433,12681,12515,12622,133471,127
15/12/03,12622,12622,12370,12466,200212,125
15/12/04,12466,12459,12240,12311,149642,96
15/12/05,12311,12350,6500,12261,8374772,89
15/12/06,12261,12100,12016,12019,349413,158
15/12/07,12019,12259,12130,12239,122784,52
15/12/08,12239,12480,12220,12326,75520,60
15/12/09,12326,12400,12250,12325,80916,73
15/12/10,12325,12433,12210,12313,349914,193
15/12/11,12313,12000,10800,11007,549110,262
15/12/12,11007,11227,11096,11096,53179,23
15/12/13,11096,11317,11118,11118,13412,12
15/12/14,11118,11340,11340,11340,168295,61
15/12/15,11340,11566,11566,11566,143519,72
15/12/16,11566,11797,11797,11797,147203,71
15/12/17,11797,12032,11810,11810,7510,9
15/12/18,11810,12046,11880,11880,38899,15
15/12/19,11880,12117,12077,12077,109960,59
15/12/20,12077,12318,12096,12096,10202,10
15/12/21,12096,12337,12100,12100,1990,6
15/12/22,12100,12342,12122,12122,12014,12
15/12/23,12122,12364,12167,12167,24584,23
15/12/24,12167,12410,12223,12223,30364,31
15/12/25,12223,12467,12265,12265,22828,20
15/12/26,12265,12510,12345,12345,42897,34
15/12/27,12345,12591,12431,12431,45902,44
15/12/28,12431,12679,12481,12481,26465,20
15/12/29,12481,12730,12588,12588,56891,47
15/12/30,12588,12839,12618,12618,15682,21
15/12/31,12618,12870,12691,12691,38480,27
16/01/01,12691,12944,12742,12742,26852,31
16/01/02,12742,12996,12805,12805,32967,29
16/01/03,12805,13061,12920,12920,59218,45
16/01/04,12920,13178,12700,13064,905031,481
16/01/05,13064,13325,13098,13098,17010,11
16/01/06,13098,13359,13117,13117,9515,12
16/01/07,13117,13379,13375,13378,271391,119
16/01/08,13378,13645,13450,13601,728110,172
16/01/09,13601,13701,13329,13589,24556,31
16/01/10,13589,13485,13318,13485,50710,15
16/01/11,13485,13216,13216,13216,136817,37
16/01/12,13216,13200,12952,12966,492621,217
16/01/13,12966,13025,12750,12919,132442,85
16/01/14,12919,13177,12919,13155,233625,116
16/01/15,13155,13418,13400,13406,127118,92
16/01/16,13406,13418,13138,13212,110978,72
16/01/17,13212,13400,12982,13183,88123,54
16/01/18,13183,13140,12920,12977,197495,78
16/01/19,12977,13140,12792,12937,126535,69
16/01/20,12937,13195,12997,13159,142323,70
16/01/21,13159,13422,13422,13422,224748,56
16/01/22,13422,13690,13400,13547,249706,122
16/01/23,13547,13650,13277,13502,81972,57
16/01/24,13502,13499,13232,13499,1701,4
16/01/25,13499,13499,13230,13499,270,2
16/01/26,13499,13498,13230,13498,685,2
16/01/27,13498,13478,13229,13478,10015,6
16/01/28,13478,13477,13209,13477,530,3
16/01/29,13477,13208,13208,13208,884,4
16/01/30,13208,12944,12944,12944,5510,6
16/01/31,12944,12686,12686,12686,274,2
16/02/01,12686,12685,12433,12685,510,2
16/02/02,12685,12683,12432,12683,1210,3
16/02/03,12683,12680,12430,12680,1750,4
16/02/04,12680,12678,12427,12678,1010,2
16/02/05,12678,12678,12425,12678,325,2
16/02/06,12678,12669,12425,12669,4812,2
16/02/07,12669,12554,12416,12554,60010,11
16/02/08,12554,12552,12303,12552,1010,2
16/02/09,12552,12540,12301,12540,6073,3
16/02/10,12540,12537,12290,12537,1630,2
16/02/11,12537,12287,12287,12287,100,1
16/02/12,12287,12042,12042,12042,280,1
16/02/13,12042,11802,11802,11802,420,1
16/02/14,11802,11566,11566,11566,500,2
16/02/15,11566,11335,11335,11335,1377,2
16/02/16,11335,11561,11109,11120,686033,206
16/02/17,11120,11111,10898,11036,51819,41
16/02/18,11036,11100,10816,10996,30957,15
16/02/19,10996,10996,10777,10954,27245,16
16/02/20,10954,10799,10735,10799,95037,41
16/02/21,10799,10996,10584,10763,24692,8
16/02/22,10763,10855,10548,10606,110010,19
16/02/23,10606,10603,10394,10603,2140,2
16/02/24,10603,10598,10391,10598,3264,3
16/02/25,10598,10574,10387,10574,15128,24
16/02/26,10574,10402,10363,10371,217489,70
16/02/27,10371,10578,10164,10361,13835,14
16/02/28,10361,10361,10154,10361,236,3
16/02/29,10361,10353,10154,10353,5010,2
16/03/01,10353,10348,10146,10348,3038,3
16/03/02,10348,10345,10142,10345,1876,3
16/03/03,10345,10345,10139,10345,304,2
16/03/04,10345,10340,10139,10340,2964,3
16/03/05,10340,10331,10134,10331,5519,3
16/03/06,10331,10125,10125,10125,883,3
16/03/07,10125,10327,9923,10028,349475,98
16/03/08,10028,10228,10027,10225,794583,166
16/03/09,10225,10429,10405,10428,236926,69
16/03/10,10428,10636,10558,10558,40510,9
16/03/11,10558,10769,10591,10591,20810,9
16/03/12,10591,10802,10592,10592,710,2
16/03/13,10592,10803,10673,10673,50902,26
16/03/14,10673,10886,10756,10756,51262,26
16/03/15,10756,10971,10873,10873,71633,22
16/03/16,10873,11090,11011,11011,84168,34
16/03/17,11011,11231,11128,11128,70510,33
16/03/18,11128,11350,11222,11222,55924,26
16/03/19,11222,11446,11387,11387,97010,30
16/03/20,11387,11614,11614,11614,199671,90
16/03/21,11614,11846,11446,11641,418865,125
16/03/22,11641,11873,11630,11706,118438,50
16/03/23,11706,11940,11855,11930,261010,58
16/03/24,11930,11929,11800,11929,1184,4
16/03/25,11929,11928,11691,11928,510,2
16/03/26,11928,11748,11690,11748,99789,40
16/03/27,11748,11748,11748,11748,5000,2
16/03/28,11748,11748,11737,11748,1370,7
16/03/29,11748,11698,11514,11698,28015,13
16/03/30,11698,11654,11465,11654,27918,21
16/03/31,11654,11700,11421,11597,118296,32
16/04/01,11597,11828,11366,11626,34519,26
16/04/02,11626,11626,11410,11622,2403,5
16/04/03,11622,11622,11410,11621,1366,3
16/04/04,11621,11616,11389,11616,3010,3
16/04/05,11616,14367,11616,11616,66000010,3
16/04/06,11616,11368,9700,11161,350845,81
16/04/07,11161,11384,10938,11252,108449,40
16/04/08,11252,11300,11027,11255,55098,29
16/04/09,11255,11480,11255,11405,88841,29
16/04/10,11405,11406,11403,11405,118561,34
16/04/11,11405,11410,11399,11405,691,5
16/04/12,11405,11397,11177,11397,4710,4
16/04/13,11397,11397,11170,11397,23,2
16/04/14,11397,11290,11056,11290,41510,21
16/04/15,11290,11265,10952,11265,9586,5
16/04/16,11265,11300,11160,11260,116163,8
16/04/17,11260,11257,11000,11257,1510,3
16/04/18,11257,11399,10920,11240,153613,28
16/04/19,11240,11240,11132,11240,450,2
16/04/20,11240,11570,10903,11193,30678,20
16/04/21,11193,11193,11193,11193,15,2
16/04/22,11193,11528,10900,11185,14457,15
16/04/23,11185,11520,11242,11242,34572,9
16/04/24,11242,11578,11242,11278,36076,13
16/04/25,11278,11277,11000,11277,310,2
16/04/26,11277,11500,11000,11252,30293,13
16/04/27,11252,11237,11000,11237,8075,6
16/04/28,11237,11230,10921,11230,3336,5
16/04/29,11230,11236,10921,11214,12785,13
16/04/30,11214,11550,11000,11254,151396,14
16/05/01,11254,11591,11289,11289,13660,9
16/05/02,11289,11289,11289,11289,11050,4
16/05/03,11289,11627,11290,11294,2415,8
16/05/04,11294,11632,11307,11307,5094,3
16/05/05,11307,11646,11453,11453,56798,17
16/05/06,11453,11796,11676,11676,86003,33
16/05/07,11676,12026,11948,11948,102832,27
16/05/08,11948,12306,5503,12046,49539686,25
16/05/09,12046,12407,11700,12090,333181,22
16/05/10,12090,12452,11999,12134,22763,12
16/05/11,12134,12134,11770,12120,6650,6
16/05/12,12120,12483,11770,12140,22097,13
16/05/13,12140,12504,12162,12162,8148,7
16/05/14,12162,12504,12000,12187,33327,17
16/05/15,12187,12500,12179,12199,16780,14
16/05/16,12199,12564,12190,12384,95177,29
16/05/17,12384,12500,11999,12238,41054,21
16/05/18,12238,12605,12238,12314,28677,18
16/05/19,12314,12683,12350,12351,24738,20
16/05/20,12351,12721,12399,12399,17105,11
16/05/21,12399,12770,12418,12418,6651,10
16/05/22,12418,12790,12443,12443,8858,3
16/05/23,12443,12816,12469,12469,9173,8
16/05/24,12469,12843,12617,12617,52304,16
16/05/25,12617,12995,12777,12777,56064,16
16/05/26,12777,13160,12995,12995,75310,19
16/05/27,12995,13384,13045,13045,16949,8
16/05/28,13045,13436,13101,13101,18793,18
16/05/29,13101,13494,13101,13400,103993,36
16/05/30,13400,13400,13101,13374,50239,21
16/05/31,13374,13369,12973,13369,1510,4
16/06/01,13369,13369,12968,13016,1532989,60
16/06/02,13016,12852,12626,12852,1087203,20
16/06/03,12852,12626,12626,12626,138636,27
16/06/04,12626,13004,12626,12776,53283,11
16/06/05,12776,13159,12781,12781,4368,7
16/06/06,12781,13164,12926,12926,50010,12
16/06/07,12926,13313,13307,13307,130010,29
16/06/08,13307,13706,13000,13356,18695,7
16/06/09,13356,13756,13693,13693,111229,30
16/06/10,13693,14103,13693,14079,129073,28
16/06/11,14079,14501,14420,14500,260905,38
16/06/12,14500,14501,14500,14500,391,3
16/06/13,14500,14500,14500,14500,22041,9
16/06/14,14500,14500,14500,14500,2960,6
16/06/15,14500,14500,14500,14500,17343,6
16/06/16,14500,14500,14500,14500,76884,25
16/06/17,14500,14500,14500,14500,17595,4
16/06/18,14500,14498,14065,14498,606,4
16/06/19,14498,14500,14064,14489,2160195,32
16/06/20,14489,14500,14489,14489,11378,7
16/06/21,14489,14500,14485,14489,2090,3
16/06/22,14489,14500,14490,14490,10522,9
16/06/23,14490,14501,14491,14491,8404,6
16/06/24,14491,14500,14492,14492,7883,5
16/06/25,14492,14500,14492,14492,3670,3
16/06/26,14492,14500,14492,14492,5369,3
16/06/27,14492,14500,14492,14492,3461,4
16/06/28,14492,14501,14493,14493,14689,10
16/06/29,14493,14501,14493,14493,7757,6
16/06/30,14493,14500,14493,14493,4275,7
16/07/01,14493,14500,14493,14493,2511,3
16/07/02,14493,14500,14493,14493,7793,5
16/07/03,14493,14500,14494,14494,9967,6
16/07/04,14494,14500,14494,14494,181,2
16/07/05,14494,14500,14494,14494,1510,2
16/07/06,14494,14500,14494,14494,1510,3
16/07/07,14494,14500,14494,14494,235,2
16/07/08,14494,14501,14494,14494,666,5
16/07/09,14494,14501,14494,14494,1790,4
16/07/10,14494,14500,14495,14495,26225,9
16/07/11,14495,14500,14495,14495,1335,3
16/07/12,14495,14500,14495,14495,1010,2
16/07/13,14495,14500,14495,14495,3369,2
16/07/14,14495,14500,14495,14495,10010,2
16/07/15,14495,14500,14495,14495,2492,3
16/07/16,14495,14501,14495,14495,5194,5
16/07/17,14495,14501,14497,14497,42858,15
16/07/18,14497,14869,14497,14497,15,2
16/07/19,14497,14500,14500,14497,1466,2
16/07/20,14497,15000,15000,15000,79047,23
16/07/21,15000,15000,15000,15000,3500,3
16/07/22,15000,15000,15000,15000,8000,2
16/07/23,15000,15000,15000,15000,70,1
16/07/24,15000,15000,15000,15000,2790,6
16/07/25,15000,15000,15000,15000,3359,1
16/07/26,15000,15000,15000,15000,2000,2
16/07/27,15000,15000,15000,15000,2500,1
16/07/28,15000,15000,15000,15000,1500,5
16/07/29,15000,15000,15000,15000,16796,6
16/07/30,15000,15000,15000,15000,3360,1
16/07/31,15000,15000,15000,15000,2750,5
16/08/01,15000,14000,14000,14000,10000,1
16/08/02,14000,14000,14000,14000,10000,5
16/08/03,14000,14000,14000,14000,22336,13
16/08/04,14000,14000,13580,13997,5017,6
16/08/05,13997,14000,14000,13997,2367,3
16/08/06,13997,14000,14000,13997,282,1
16/08/07,13997,14000,14000,13997,7763,3
16/08/08,13997,14000,14000,13997,1630,1
16/08/09,13997,14000,14000,13997,16230,2
16/08/10,13997,14000,14000,13997,900,2
16/08/11,13997,14000,14000,13997,1000,1
16/08/12,13997,14000,14000,13997,70,1
16/08/13,13997,14000,14000,13997,6718,2
16/08/14,13997,14000,14000,13997,3359,2
16/08/15,13997,14000,14000,13997,170,1
16/08/16,13997,14000,14000,13997,30,1
16/08/17,13997,14000,14000,13997,7028,1
16/08/18,13997,14000,14000,13997,4459,2
16/08/19,13997,14000,14000,13997,4217,1
16/08/20,13997,14000,14000,13997,1560,1
16/08/21,13997,14000,14000,13997,1000,1
16/08/22,13997,14000,14000,13997,2492,3
16/08/23,13997,14000,14000,13997,340,1
16/08/24,13997,14000,14000,13997,420,1
16/08/25,13997,14000,14000,13997,400,1
16/08/26,13997,14000,14000,13997,1000,2
16/08/27,13997,14000,14000,13998,30154,9
16/08/28,13998,14001,14000,13998,11359,5
16/08/29,13998,14000,14000,13998,3459,2
16/08/30,13998,14000,14000,13998,3359,1
16/08/31,13998,14000,14000,14000,10000,3
16/09/01,14000,8000,8000,8000,10000,1
16/09/02,8000,8240,8240,8002,1200,1
16/09/03,8002,8242,8242,8008,3359,1
16/09/04,8008,8248,8248,8009,313,1
16/09/05,8009,8249,8249,8010,560,1
16/09/06,8010,8250,8250,8013,1500,2
16/09/07,8013,8253,8253,8014,468,1
16/09/08,8014,8000,8000,8000,10000,1
16/09/09,8000,8000,8000,8000,1521,8
16/09/10,8000,8021,8021,8001,3360,1
16/09/11,8001,8021,8020,8001,170,3
16/09/12,8001,8000,8000,8001,10000,1
16/09/13,8001,8000,8000,8001,3772,2
16/09/14,8001,8000,8000,8001,3859,2
16/09/15,8001,8000,8000,8001,467,1
16/09/16,8001,8000,8000,8001,3710,1
16/09/17,8001,8000,8000,8000,77423,4
16/09/18,8000,8100,8100,8000,29,1
16/09/19,8000,8000,8000,8000,3360,1
16/09/20,8000,9900,9900,9900,5000,1
16/09/21,9900,9554,9554,9899,364,3
16/09/22,9899,9553,9553,9895,1614,1
16/09/23,9895,9549,9549,9878,6501,2
16/09/24,9878,10000,10000,10000,6013,1
16/09/25,10000,10000,9998,10000,2217,4
16/09/26,10000,9650,9650,9650,980,2
16/09/27,9650,9980,9980,9650,100,1
16/09/28,9650,9600,9600,9650,518,1
16/09/29,9650,9264,9264,9647,1000,2
16/09/30,9647,9262,9262,9646,442,1
16/10/01,9646,9262,9262,9615,10535,7
16/10/02,9615,9615,9615,9615,22161,9
16/10/03,9615,9231,9231,9615,7,1
16/10/04,9615,9231,9231,9615,50,1
16/10/05,9615,9231,9231,9615,1,1
16/10/06,9615,9615,9615,9615,11473,4
16/10/07,9615,9231,9231,9614,228,1
16/10/08,9614,9230,9230,9612,681,4
16/10/09,9612,9599,9599,9612,177,1
16/10/10,9612,9594,9594,9612,500,1
16/10/11,9612,9228,9228,9611,177,1
16/10/12,9611,9611,9611,9611,45922,16
16/10/13,9611,9227,9227,9611,1,1
16/10/14,9611,9227,9227,9586,8500,2
16/10/15,9586,9110,8760,8927,101000,5
16/10/16,8927,9284,9284,9223,109535,13
16/10/17,9223,9591,9591,9502,100000,2
16/10/18,9502,9882,9882,9882,132080,8
16/10/19,9882,10277,10277,10273,130681,6
16/10/20,10273,10683,10683,10677,130000,3
16/10/21,10677,11992,11531,11991,151770,10
16/10/22,11991,12470,12470,12470,139000,6
16/10/23,12470,12968,12968,12968,133477,7
16/10/24,12968,13486,13436,13486,8476595,525
16/10/25,13486,14025,13602,13967,2333271,444
16/10/26,13967,14199,13409,13625,741345,240
16/10/27,13625,14170,13080,13990,1751604,435
16/10/28,13990,14549,14390,14484,239064,69
16/10/29,14484,15063,15063,15063,132050,15
16/10/30,15063,15600,14461,15242,2522526,539
16/10/31,15242,15811,14800,15180,567365,228
16/11/01,15180,15650,15021,15298,388204,190
16/11/02,15298,15540,15000,15265,414127,101
16/11/03,15265,15199,14703,14927,316025,60
16/11/04,14927,14981,14400,14675,2485952,295
16/11/05,14675,14981,14220,14395,332447,76
16/11/06,14395,14970,13820,14455,1160437,213
16/11/07,14455,15033,14900,15026,548631,152
16/11/08,15026,15400,14792,15172,212090,76
16/11/09,15172,15500,15001,15161,100005,43
16/11/10,15161,15766,14560,15499,610233,148
16/11/11,15499,16099,15421,15900,434924,66
16/11/12,15900,15500,15264,15301,586517,74
16/11/13,15301,15471,14914,14989,198910,52
16/11/14,14989,15588,14801,15327,1597766,137
16/11/15,15327,15940,15399,15919,218820,83
16/11/16,15919,16555,16116,16536,736484,179
16/11/17,16536,17000,16500,16754,173117,67
16/11/18,16754,17199,16529,16827,135607,43
16/11/19,16827,16950,16201,16711,42500,27
16/11/20,16711,16580,16043,16171,122090,25
16/11/21,16171,16298,15525,15549,145008,61
16/11/22,15549,16150,15007,15918,126463,50
16/11/23,15918,16549,16010,16395,127456,42
16/11/24,16395,16900,15831,16696,132444,50
16/11/25,16696,16737,16101,16314,91135,41
16/11/26,16314,16200,15662,15740,146854,59
16/11/27,15740,15740,15740,15740,5000,2
16/11/28,15740,15117,15111,15663,16220,18
16/11/29,15663,15083,15050,15643,4359,4
16/11/30,15643,15018,15018,15595,10233,4
16/12/01,15595,15990,14972,15525,51020,29
16/12/02,15525,15700,15003,15515,57574,25
16/12/03,15515,15500,14911,15445,249750,46
16/12/04,15445,15429,14828,15147,72245,30
16/12/05,15147,15087,14542,15120,8136,11
16/12/06,15120,14516,14516,15061,12800,5
16/12/07,15061,14459,14459,15052,2050,1
16/12/08,15052,15545,14450,14957,262747,84
16/12/09,14957,14371,14359,14918,8725,7
16/12/10,14918,14322,14322,14917,320,3
16/12/11,14917,17971,17280,17507,187464,40
16/12/12,17507,18207,18207,18207,137250,17
16/12/13,18207,18935,18935,18907,126870,15
16/12/14,18907,19663,19001,19628,824814,166
16/12/15,19628,20413,19660,20334,128928,66
16/12/16,20334,20890,19561,20278,61158,40
16/12/17,20278,21089,20993,21086,353646,119
16/12/18,21086,21929,21150,21866,897445,160
16/12/19,21866,22740,22740,22740,3356585,436
16/12/20,22740,23649,23649,23649,137000,17
16/12/21,23649,24594,24594,24319,93523,16
16/12/22,24319,25291,25291,25291,376690,48
16/12/23,25291,25800,24280,24625,2162898,482
16/12/24,24625,24588,23640,23657,2390784,506
16/12/25,6426,8840,8500,8593,1399344,190
16/12/26,8593,8936,8936,8936,500360,24
16/12/27,8936,9293,9285,9293,1921591,303
16/12/28,9293,9664,9371,9631,2385188,592
16/12/29,9631,9800,9246,9425,768798,280
16/12/30,9425,9246,9048,9376,66066,55
16/12/31,9376,9001,9001,9347,38148,16
17/01/01,9347,8974,8974,9324,30110,13
17/01/02,9324,8952,8952,9320,5450,4
17/01/03,9320,8948,8948,9319,742,2
17/01/04,9319,8947,8947,9318,1630,3
17/01/05,9318,8946,8946,9314,5831,8
17/01/06,9314,8942,8942,9225,116082,25
17/01/07,9225,9200,8856,9004,925599,366
17/01/08,9004,9364,9111,9327,567936,223
17/01/09,9327,9500,9000,9269,315196,169
17/01/10,9269,9270,8899,9112,282689,147
17/01/11,9112,8998,8748,8766,501824,179
17/01/12,8766,8984,8490,8702,202234,157
17/01/13,8702,8860,8400,8614,340733,164
17/01/14,8614,8650,8280,8509,247210,147
17/01/15,8509,8580,8281,8482,92795,56
17/01/16,8482,8499,8200,8430,164507,79
17/01/17,8430,8500,8220,8393,127386,63
17/01/18,8393,8396,8150,8373,67905,61
17/01/19,8373,8529,8251,8373,56129,49
17/01/20,8373,8377,8254,8363,48550,32
17/01/21,8363,8400,8058,8326,200126,103
17/01/22,8326,8412,8200,8308,119038,65
17/01/23,8308,8293,8041,8246,128574,93
17/01/24,8246,8190,8001,8186,205033,134
17/01/25,8186,8050,7859,7864,512273,220
17/01/26,7864,8178,7630,7969,275050,140
17/01/27,7969,8287,8287,8021,79630,37
17/01/28,8021,8341,8341,8065,66703,18
17/01/29,8065,8387,7900,8291,1122820,309
17/01/30,8291,7963,7960,8049,356444,68
17/01/31,8049,7940,7728,7756,1636808,477
17/02/01,7756,7941,7500,7621,409860,229
17/02/02,7621,7600,7317,7338,561155,213
17/02/03,7338,7530,7052,7250,264463,142
17/02/04,7250,7540,7200,7526,767343,142
17/02/05,7526,7827,7820,7826,617684,104
17/02/06,7826,8090,7825,7870,1017952,351
17/02/07,7870,7999,7600,7775,207948,110
17/02/08,7775,7640,7464,7690,136994,112
17/02/09,7690,7383,7383,7637,84545,37
17/02/10,7637,7332,7332,7575,99513,34
17/02/11,7575,7400,7272,7283,661938,244
17/02/12,7283,7370,7063,7307,665819,112
17/02/13,7307,7359,7015,7105,347003,160
17/02/14,7105,6821,6821,6955,256527,54
17/02/15,6955,7000,6677,6707,9086310,304
17/02/16,6707,6799,6439,6462,511429,197
17/02/17,6462,6210,6204,6373,170005,48
17/02/18,6373,6119,6119,6158,410654,58
17/02/19,6158,6040,5912,5930,672602,243
17/02/20,5930,6100,5902,6006,510761,111
17/02/21,6006,6097,5901,5999,161991,82
17/02/22,5999,5850,5760,5896,213873,99
17/02/23,5896,6131,6077,5971,176499,55
17/02/24,5971,6209,6209,6168,403117,29
17/02/25,6168,6414,6151,6343,727060,176
17/02/26,6343,6334,6101,6270,244732,111
17/02/27,6270,6200,6020,6024,500673,105
17/02/28,6024,6259,5797,6063,334738,127
17/03/01,6063,6200,5950,6074,254651,122
17/03/02,6074,6316,6250,6274,420228,137
17/03/03,6274,6524,6400,6520,1045440,219
17/03/04,6520,5480,5261,5376,572616,106
17/03/05,5376,5250,5162,5167,579434,177
17/03/06,5167,7140,6741,6918,3771196,500
17/03/07,6918,7194,6978,7030,3726928,256
17/03/08,7030,7311,7311,7311,1057974,58
17/03/09,7311,7603,7603,7603,3481310,155
17/03/10,7603,7800,7301,7562,5703439,894
17/03/11,7562,7864,7410,7676,5255290,760
17/03/12,7676,7983,7700,7940,3452350,625
17/03/13,7940,8257,7762,8140,1131532,312
17/03/14,8140,8465,8310,8454,1058143,181
17/03/15,8454,8792,8792,8527,105257,33
17/03/16,8527,8868,8868,8560,47105,13
17/03/17,8560,8902,8902,8625,92242,16
17/03/18,8625,8970,8970,8970,491608,60
17/03/19,8970,9328,8612,9058,2612504,504
17/03/20,9058,8760,8696,8730,453038,193
17/03/21,8730,9066,8450,8768,1947780,603
17/03/22,8768,9118,8550,8918,948936,406
17/03/23,8918,8985,8562,8692,1299568,473
17/03/24,8692,8590,8345,8597,140612,75
17/03/25,8597,8591,8254,8278,2462247,515
17/03/26,8278,8609,8310,8527,810860,247
17/03/27,8527,8800,8186,8316,1776451,390
17/03/28,8316,7984,7984,8193,179643,39
17/03/29,8193,7980,7866,7909,466918,145
17/03/30,7909,8130,7640,7962,530044,187
17/03/31,7962,8179,7644,7805,881320,222
17/04/01,7805,7493,7493,7704,157775,23
17/04/02,7704,7396,7396,7396,528551,40
17/04/03,7396,7395,7150,7276,341340,142
17/04/04,7276,7500,7201,7297,616617,128
17/04/05,7297,7588,7588,7588,574201,43
17/04/06,7588,7891,7891,7718,208827,42
17/04/07,7718,7999,7410,7680,499789,201
17/04/08,7680,7850,7451,7670,134050,78
17/04/09,7670,7500,7364,7400,1211181,280
17/04/10,7400,7559,7350,7424,596171,285
17/04/11,7424,7500,7141,7330,222387,97
17/04/12,7330,7595,7080,7233,773486,339
17/04/13,7233,7290,7000,7064,1264609,400
17/04/14,7064,7346,7000,7248,379630,115
17/04/15,7248,7537,7537,7374,212286,41
17/04/16,7374,7668,7668,7426,85704,24
17/04/17,7426,7723,7723,7494,111446,31
17/04/18,7494,7793,7793,7676,295303,44
17/04/19,7676,7983,7983,7983,546210,39
17/04/20,7983,8302,8302,8302,528041,62
17/04/21,8302,8630,8180,8487,6661365,881
17/04/22,8487,8390,8188,8261,1325731,431
17/04/23,8261,8368,8120,8230,1953829,388
17/04/24,8230,8240,7981,8126,803623,239
17/04/25,8126,8185,7950,8001,987232,334
17/04/26,8001,8300,7790,8068,1663794,468
17/04/27,8068,8390,8200,8300,861418,236
17/04/28,8300,8539,8170,8386,1803853,301
17/04/29,8386,8051,8051,8090,429146,45
17/04/30,8090,8100,7790,7967,1495056,276
17/05/01,7967,8050,7730,7909,931550,269
17/05/02,7909,8030,7721,7810,660050,222
17/05/03,7810,7940,7498,7508,1294268,340
17/05/04,7508,7690,7403,7567,472538,245
17/05/05,7567,7560,7321,7445,459965,185
17/05/06,7445,7600,7330,7507,474250,153
17/05/07,7507,7680,7452,7587,593037,192
17/05/08,7587,7720,7291,7369,1205870,271
17/05/09,7369,7429,7110,7201,1015037,274
17/05/10,7201,7489,7150,7433,762268,245
17/05/11,7433,7600,7301,7466,496546,218
17/05/12,7466,7450,7290,7329,829382,218
17/05/13,7329,7445,7200,7339,278401,157
17/05/14,7339,7400,7210,7260,484772,138
17/05/15,7260,7397,7240,7289,621475,172
17/05/16,7289,7380,7151,7217,822314,241
17/05/17,7217,7379,7150,7210,930947,268
17/05/18,7210,7450,7150,7205,1187718,429
17/05/19,7205,7149,7051,7106,1407332,457
17/05/20,7106,7298,7120,7209,894214,296
17/05/21,7209,7440,7190,7348,1002038,312
17/05/22,7348,7641,7400,7570,1978310,699
17/05/23,7570,7800,7352,7636,968111,427
17/05/24,7636,7500,7336,7426,587088,210
17/05/25,7426,7540,7205,7339,557017,249
17/05/26,7339,7500,7231,7411,1081468,241
17/05/27,7411,7580,7300,7425,504237,272
17/05/28,7425,7400,7220,7250,640763,288
17/05/29,7250,7270,7150,7196,629424,325
17/05/30,7196,7483,7200,7432,614337,243
17/05/31,7432,7729,7729,7729,1356403,246
17/06/01,7729,8038,7732,8023,3127585,721
17/06/02,8023,8343,8343,8343,662468,88
17/06/03,8343,8676,8280,8596,3387882,1122
17/06/04,8596,8460,8253,8330,839781,418
17/06/05,8330,8460,8050,8205,1175458,527
17/06/06,8205,8529,8102,8443,1686134,716
17/06/07,8443,8520,8250,8346,405189,222
17/06/08,8346,8670,8300,8543,843441,425
17/06/09,8543,8760,8202,8301,1430065,491
17/06/10,8301,8633,8263,8629,7023875,1321
17/06/11,8629,8848,8490,8629,2148114,783
17/06/12,8629,8628,8284,8311,1237002,508
17/06/13,8311,8318,8001,8095,1222950,539
17/06/14,8095,8340,7973,8079,1118686,488
17/06/15,8079,8200,7900,8086,1022897,419
17/06/16,8086,8210,7920,8071,915259,397
17/06/17,8071,8000,7850,7891,712476,348
17/06/18,7891,7891,7651,7776,904133,391
17/06/19,7776,7790,7501,7577,992085,416
17/06/20,7577,7506,7274,7305,996105,283
17/06/21,7305,7597,7305,7581,1017051,334
17/06/22,7581,7849,7278,7448,811315,342
17/06/23,7448,7400,7156,7286,359632,197
17/06/24,7286,7250,7060,7143,395763,245
17/06/25,7143,7060,6858,6878,1053635,257
17/06/26,6878,7147,6603,6790,482123,223
17/06/27,6790,6600,6519,6520,575914,173
17/06/28,6520,6500,6260,6294,593369,247
17/06/29,6294,6500,6043,6096,517237,234
17/06/30,6096,5999,5853,5862,622667,166
17/07/01,5862,6096,6000,6089,993531,161
17/07/02,6089,6332,6180,6295,707501,222
17/07/03,6295,6546,6485,6390,190738,73
17/07/04,6390,6600,6135,6195,867908,270
17/07/05,6195,6150,5948,5975,758342,220
17/07/06,5975,6200,5864,5984,379463,221
17/07/07,5984,6020,5745,5780,458105,165
17/07/08,5780,5570,5549,5549,493132,184
17/07/09,5549,5640,5331,5512,538756,203
17/07/10,5512,5720,5292,5332,868609,232
17/07/11,5332,5125,5119,5247,193531,65
17/07/12,5247,5450,5038,5223,313489,114
17/07/13,5223,5431,5350,5356,332233,120
17/07/14,5356,5570,5360,5555,872728,199
17/07/15,5555,5640,5333,5408,449710,165
17/07/16,5408,4490,4314,4426,943374,216
17/07/17,4426,4603,4500,4593,775428,181
17/07/18,4593,4600,4410,4495,825614,277
17/07/19,4495,4490,4316,4352,536060,189
17/07/20,4352,4498,4272,4366,371408,212
17/07/21,4366,4538,4370,4443,261618,134
17/07/22,4443,4568,4350,4465,393607,159
17/07/23,4465,4595,4329,4411,282237,99
17/07/24,4411,4401,4300,4386,193491,76
17/07/25,4386,4539,4390,4425,312187,150
17/07/26,4425,4520,4261,4364,343727,113
17/07/27,4364,4300,4190,4245,359338,132
17/07/28,4245,4178,4076,4143,306593,122
17/07/29,4143,4050,3978,3980,534572,106
17/07/30,3980,4138,3825,3995,288579,115
17/07/31,3995,4154,4100,4063,209707,58
17/08/01,4063,4225,4225,4104,124263,40
17/08/02,4104,4268,4268,4172,202234,81
17/08/03,4172,4338,4338,4195,65902,15
17/08/04,4195,4362,4362,4256,177045,56
17/08/05,4256,4426,4400,4411,442625,117
17/08/06,4411,4587,4400,4513,399888,157
17/08/07,4513,4693,4542,4573,184926,75
17/08/08,4573,4755,4755,4606,88285,22
17/08/09,4606,4790,4790,4639,86563,22
17/08/10,4639,4824,4530,4809,985662,285
17/08/11,4809,4299,4128,4158,1590989,298
17/08/12,4158,4179,4005,4102,865456,244
17/08/13,4102,4158,4059,4105,757841,171
17/08/14,4105,4269,4100,4190,295437,130
17/08/15,4190,4357,4357,4212,63527,34
17/08/16,4212,4380,4287,4374,2216558,406
17/08/17,4374,4495,4268,4338,463207,158
17/08/18,4338,4300,4165,4181,597051,191
17/08/19,4181,4348,4125,4302,587643,173
17/08/20,4302,4474,4301,4455,566559,195
17/08/21,4455,4473,4310,4410,282547,109
17/08/22,4410,4439,4234,4274,458125,119
17/08/23,4274,4299,4151,4236,482210,75
17/08/24,4236,4405,4200,4371,980044,261
17/08/25,4371,4510,4320,4397,174247,69
17/08/26,4397,4371,4275,4344,285627,59
17/08/27,4344,4399,4240,4288,439372,81
17/08/28,4288,4400,4280,4325,276356,77
17/08/29,4325,4397,4268,4325,226190,57
17/08/30,4325,4410,4262,4330,243546,98
17/08/31,4330,4420,4252,4367,326413,106
17/09/01,4367,4480,4360,4412,278115,72
17/09/02,4412,4580,4413,4489,338795,134
17/09/03,4489,4668,4500,4629,510469,171
17/09/04,4629,4814,4690,4791,712245,231
17/09/05,4791,4900,4700,4804,341104,117
17/09/06,4804,4850,4701,4786,453696,95
17/09/07,4786,4840,4742,4793,215132,58
17/09/08,4793,4790,4602,4741,157398,48
17/09/09,4741,4553,4552,4688,136719,44
17/09/10,4688,4514,4501,4601,226850,45
17/09/11,4601,4600,4498,4582,102136,51
17/09/12,4582,4577,4481,4502,1448691,114
17/09/13,4502,4669,4500,4513,125610,42
17/09/14,4513,4549,4450,4509,277191,69
17/09/15,4509,4635,4450,4521,93113,44
17/09/16,4521,4619,4501,4527,157275,50
17/09/17,4527,4708,4520,4655,465145,119
17/09/18,4655,4751,4564,4659,59116,29
17/09/19,4659,4800,4600,4692,208626,55
17/09/20,4692,4700,4611,4686,55189,18
17/09/21,4686,4625,4600,4676,61727,23
17/09/22,4676,4650,4555,4666,68152,18
17/09/23,4666,4553,4481,4592,228237,48
17/09/24,4592,4560,4415,4585,47099,24
17/09/25,4585,4685,4511,4585,88721,50
17/09/26,4585,4600,4413,4574,171914,55
17/09/27,4574,4699,4448,4568,225646,54
17/09/28,4568,4677,4552,4572,174595,46
17/09/29,4572,4600,4459,4541,231974,44
17/09/30,4541,4540,4476,4503,386811,101
17/10/01,4503,6864,6600,6825,505336,123
17/10/02,6825,7098,7098,7098,511891,77
17/10/03,7098,7379,7060,7216,3293865,798
17/10/04,7216,7151,6928,6942,897278,196
17/10/05,6942,6800,6665,6711,1230357,415
17/10/06,6711,6979,6668,6902,562654,158
17/10/07,6902,7178,6980,7154,1591544,332
17/10/08,7154,7149,6868,6877,1913731,291
17/10/09,6877,7152,6872,7123,553547,107
17/10/10,7123,7407,7000,7388,3192351,355
17/10/11,7388,7388,7093,7132,731870,216
17/10/12,7132,7417,7090,7407,1594205,371
17/10/13,7407,7703,7550,7694,1852185,526
17/10/14,7694,7900,7387,7542,1510799,319
17/10/15,7542,8100,7820,7940,2281800,501
17/10/16,7940,8100,7652,7842,821808,360
17/10/17,7842,7800,7529,7613,368636,76
17/10/18,7613,7500,7309,7332,1095515,299
17/10/19,7332,7619,7410,7412,279557,137
17/10/20,7412,7590,7312,7406,316820,131
17/10/21,7406,7587,7319,7427,303636,124
17/10/22,7427,7618,7470,7489,269874,100
17/10/23,7489,7588,7483,7533,603392,193
17/10/24,7533,7663,7305,7519,59596,50
17/10/25,7519,7359,7219,7259,441903,87
17/10/26,7259,6969,6969,6969,743494,174
17/10/27,6969,7000,6803,6936,329540,87
17/10/28,6936,6771,6670,6843,177629,70
17/10/29,6843,7000,6660,6776,385068,108
17/10/30,6776,7047,6696,6838,116815,32
17/10/31,6838,7111,7047,7102,979002,321
17/11/01,7102,7190,6860,7023,219298,65
17/11/02,7023,7258,6961,7028,98885,38
17/11/03,7028,7258,7061,7045,129659,65
17/11/04,7045,7189,6851,7000,170826,30
17/11/05,7000,7128,6999,7011,75903,33
17/11/06,7011,6900,6752,6925,195334,54
17/11/07,6925,6901,6750,6904,93177,41
17/11/08,6904,6901,6700,6892,54799,27
17/11/09,6892,6751,6671,6832,146549,34
17/11/10,6832,6990,6710,6818,92101,34
17/11/11,6818,6980,6706,6836,116222,52
17/11/12,6836,7109,6840,6892,113337,63
17/11/13,6892,7059,6760,6878,92522,56
17/11/14,6878,6995,6750,6868,125452,53
17/11/15,6868,6989,6800,6871,76288,43
17/11/16,6871,7145,6900,7119,540243,176
17/11/17,7119,7403,7150,7366,644716,219
17/11/18,7366,7500,7120,7315,264132,96
17/11/19,7315,7250,7030,7250,169191,74
17/11/20,7250,7290,6965,7229,61682,32
17/11/21,7229,7229,6940,7060,357830,114
17/11/22,7060,7180,6900,7068,80832,34
17/11/23,7068,7298,7050,7185,379838,97
17/11/24,7185,7300,7050,7196,206957,61
17/11/25,7196,7288,7100,7192,105959,47
17/11/26,7192,7439,7060,7251,199001,87
17/11/27,7251,7450,7108,7248,71323,45
17/11/28,7248,7129,7000,7222,31866,25
17/11/29,7222,7221,7061,7210,22692,18
17/11/30,7210,7050,6922,7101,99524,39
17/12/01,7101,7238,6951,7061,209709,60
17/12/02,7061,6988,6920,7011,105534,64
17/12/03,7011,7000,6901,6950,171594,35
17/12/04,6950,6955,6822,6938,39085,34
17/12/05,6938,6930,6850,6910,100281,37
17/12/06,6910,6900,6854,6898,53819,26
17/12/07,6898,6900,6712,6880,45428,30
17/12/08,6880,6800,6730,6861,39399,25
17/12/09,6861,6800,6700,6835,41896,39
17/12/10,6835,6797,6700,6817,34866,22
17/12/11,6817,6800,6700,6714,234476,116
17/12/12,6714,6780,6631,6695,301047,140
17/12/13,6695,6749,6650,6700,99699,67
17/12/14,6700,6800,6595,6699,40075,49
17/12/15,6699,6865,6700,6709,138763,75
17/12/16,6709,6750,6700,6708,43280,32
17/12/17,6708,6750,6654,6710,71237,56
17/12/18,6710,6978,6735,6951,340841,107
17/12/19,6951,6900,6680,6809,159510,65
17/12/20,6809,6860,6700,6784,75350,53
17/12/21,6784,7055,7054,7055,21083392,1386
17/12/22,7055,7337,7056,7292,18672716,2273
17/12/23,7292,7129,7001,7009,4529274,654
17/12/24,7009,7099,6731,6822,1740614,316
17/12/25,6822,6989,6700,6829,924016,228
17/12/26,6829,6785,6700,6708,759870,160
17/12/27,6708,6700,6451,6499,1096048,209
17/12/28,6499,6748,6411,6544,297566,123
17/12/29,6544,6699,6451,6582,191413,84
17/12/30,6582,6600,6500,6522,1590975,207
17/12/31,6522,6780,6543,6657,676389,191
18/01/01,6657,6880,6670,6763,583142,130
18/01/02,6763,6872,6640,6721,139701,60
18/01/03,6721,6796,6461,6517,570860,131
18/01/04,6517,6664,6472,6519,403535,108
18/01/05,6519,6684,6550,6595,252289,79
18/01/06,6595,6646,6461,6508,496273,102
18/01/07,6508,6589,6402,6459,193889,75
18/01/08,6459,6550,6372,6443,497491,148
18/01/09,6443,6500,6400,6450,816936,77
18/01/10,6450,6559,6359,6487,242798,62
18/01/11,6487,6510,6455,6486,940359,134
18/01/12,6486,6650,6410,6535,779190,115
18/01/13,6535,6700,6501,6560,198172,98
18/01/14,6560,6622,6298,6381,1045654,132
18/01/15,6381,6500,6170,6394,987365,166
18/01/16,6394,6500,6314,6454,527698,83
18/01/17,6454,6595,6400,6452,940686,133
18/01/18,6452,6699,6431,6597,727298,111
18/01/19,6597,6790,6510,6604,313978,112
18/01/20,6604,6699,6451,6539,395008,77
18/01/21,6539,6653,6430,6460,219793,49
18/01/22,6460,6500,6290,6382,1147443,155
18/01/23,6382,6354,6063,6144,583723,118
18/01/24,6144,6205,6100,6133,208327,67
18/01/25,6133,6208,6011,6091,395942,68
18/01/26,6091,6128,5787,5927,1657428,216
18/01/27,5927,5830,5631,5695,1061144,237
18/01/28,5695,5725,5520,5593,752769,159
18/01/29,5593,5820,5729,5780,326826,157
18/01/30,5780,5800,5672,5748,249327,89
18/01/31,5748,5849,5602,5670,225612,63
18/02/01,5670,5650,5572,5642,105825,42
18/02/02,5642,5751,5525,5609,113784,41
18/02/03,5609,5647,5329,5376,1098789,215
18/02/04,5376,5200,5108,5113,882941,156
18/02/05,5113,5189,5000,5113,57180,38
18/02/06,5113,5250,5102,5132,59158,18
18/02/07,5132,5297,5140,5138,24805,28
18/02/08,5138,5199,5090,5126,77428,18
18/02/09,5126,5190,5090,5131,61095,24
18/02/10,5131,5340,5180,5291,284325,111
18/02/11,5291,5310,5102,5250,75070,32
18/02/12,5250,5210,5076,5206,76094,44
18/02/13,5206,5420,5115,5353,228533,78
18/02/14,5353,5499,5383,5387,117960,69
18/02/15,5387,5452,5218,5350,199647,65
18/02/16,5350,5400,5280,5338,51685,36
18/02/17,5338,5604,5540,5599,3445752,482
18/02/18,5599,5878,5700,5829,3299797,439
18/02/19,5829,5893,5541,5662,1840172,336
18/02/20,4462,4460,4237,4365,257717,42
18/02/21,4365,4147,4147,4264,113004,21
18/02/22,4264,4055,4051,4051,2601613,333
18/02/23,4051,4098,3850,3964,3839403,761
18/02/24,3964,4120,3965,4030,1823809,482
18/02/25,4030,4040,3919,3968,733344,247
18/02/26,3968,3999,3900,3923,1007111,302
18/02/27,3923,3901,3751,3800,1052091,356
18/02/28,3800,3790,3680,3715,1050873,337
18/03/01,3715,3749,3530,3587,1731567,424
18/03/02,3587,3555,3408,3412,2442418,404
18/03/03,3412,3350,3242,3249,1866121,371
18/03/04,3249,3230,3087,3108,4796802,770
18/03/05,3108,3263,3140,3246,1198210,204
18/03/06,3246,3399,3211,3305,2737784,610
18/03/07,3305,3230,3145,3164,703357,260
18/03/08,3164,3205,3068,3096,627991,209
18/03/09,3096,3100,3001,3058,390834,157
18/03/10,3058,3114,2991,3011,491923,171
18/03/11,3011,3005,2861,2894,996704,259
18/03/12,2894,2920,2780,2849,453857,145
18/03/13,2849,2991,2891,2985,875984,133
18/03/14,2985,2990,2900,2950,150061,61
18/03/15,2950,2948,2850,2890,263017,103
18/03/16,2890,2900,2850,2870,171105,70
18/03/17,2870,2945,2860,2904,200207,86
18/03/18,2904,3049,2930,3022,817279,222
18/03/19,3022,3050,2950,2998,437291,119
18/03/20,2998,2995,2926,2953,270624,107
18/03/21,2953,3067,2960,2995,324205,97
18/03/22,2995,3028,2960,2996,390754,112
18/03/23,2996,3012,2880,2923,413634,132
18/03/24,2923,2876,2777,2801,639451,177
18/03/25,2801,2845,2733,2785,160496,52
18/03/26,2785,2800,2650,2692,580686,143
18/03/27,2692,2822,2650,2728,669506,179
18/03/28,2728,2864,2864,2864,357761,65
18/03/29,2864,3007,2812,2918,1408205,313
18/03/30,2918,2840,2773,2797,386101,91
18/03/31,2797,2910,2801,2870,444749,110
18/04/01,2870,2949,2850,2898,638605,145
18/04/02,2898,2828,2761,2794,413726,81
18/04/03,2794,2840,2800,2810,437093,81
18/04/04,2810,2899,2806,2837,1012233,168
18/04/05,2837,2848,2761,2826,181233,63
18/04/06,2826,2800,2768,2785,217960,73
18/04/07,2785,2825,2701,2726,551228,121
18/04/08,2726,2768,2700,2713,277458,97
18/04/09,2713,2777,2710,2731,228953,58
18/04/10,2731,2750,2651,2691,508836,106
18/04/11,2691,2756,2684,2699,112202,46
18/04/12,2699,2833,2799,2829,905665,184
18/04/13,2829,2859,2800,2836,372346,115
18/04/14,2836,2949,2799,2897,572923,184
18/04/15,2897,2899,2802,2840,357785,125
18/04/16,2840,2947,2845,2902,496271,132
18/04/17,2902,2950,2851,2921,335507,108
18/04/18,2921,2960,2855,2897,546305,129
18/04/19,2897,2923,2800,2840,197242,84
18/04/20,2840,2889,2816,2845,65181,45
18/04/21,2845,2895,2763,2828,69257,42
18/04/22,330,900,855,886,39999129,1409
18/04/23,886,842,842,861,1168108,60
18/04/24,861,904,818,855,153386485,3436
18/04/25,855,897,897,897,2229035,64
18/04/26,897,941,941,914,815868,46
18/04/27,914,959,959,959,2488212,148
18/04/28,959,1006,1000,1006,50309768,1427
18/04/29,1006,1056,1040,1056,27425181,538
18/04/30,1056,1108,1108,1098,1673269,72
18/05/01,1098,1152,1152,1152,7823063,211
18/05/02,1152,1209,1209,1209,15607265,359
18/05/03,1209,1269,1269,1269,9706467,194
18/05/04,1269,1332,1206,1270,79310520,3829
18/05/05,1270,1333,1333,1333,19289958,458
18/05/06,1333,1399,1301,1362,33583165,1936
18/05/07,1362,1357,1294,1311,27364646,1605
18/05/08,1311,1349,1246,1313,16866464,1092
18/05/09,1313,1330,1260,1290,9557293,686
18/05/10,1290,1323,1226,1240,17446094,926
18/05/11,1240,1254,1180,1226,7433705,514
18/05/12,1226,1287,1269,1286,8423576,380
18/05/13,1286,1350,1290,1329,15903536,939
18/05/14,1329,1395,1370,1393,5762312,285
18/05/15,1393,1462,1462,1459,2000000,73
18/05/16,1459,1531,1531,1502,1254772,73
18/05/17,1502,1577,1513,1566,28210735,1351
18/05/18,1566,1644,1500,1621,20391955,1124
18/05/19,1621,1702,1660,1700,20699710,1305
18/05/20,1700,1785,1754,1783,7711142,319
18/05/21,1783,1872,1852,1872,13816563,713
18/05/22,1872,1965,1965,1965,6383528,318
18/05/23,1965,2000,1867,1937,5360412,448
18/05/24,1937,1841,1841,1922,316602,35
18/05/25,1922,1923,1826,1840,55390064,3221
18/05/26,1840,1899,1748,1797,16610962,1285
18/05/27,1797,1861,1711,1777,10419645,938
18/05/28,1777,1800,1751,1774,6879758,538
18/05/29,1774,1785,1690,1751,6953298,582
18/05/30,1751,1838,1675,1775,73674936,2611
18/05/31,1775,1863,1800,1851,18194664,1190
18/06/01,1851,1850,1759,1770,15248226,1315
18/06/02,1770,1790,1682,1691,23789957,1972
18/06/03,1691,1680,1607,1624,13242236,1239
18/06/04,1624,1669,1572,1625,9903694,1059
18/06/05,1625,1629,1544,1560,10837056,1349
18/06/06,1560,1585,1498,1535,9377555,1035
18/06/07,1535,1520,1459,1470,5348630,569
18/06/08,1470,1464,1397,1415,11851680,1217
18/06/09,1415,1485,1452,1484,6387966,358
18/06/10,1484,1558,1515,1556,19409084,1483
18/06/11,1556,1609,1479,1512,11140385,1197
18/06/12,1512,1500,1437,1445,9565051,1043
18/06/13,1445,1517,1450,1511,4974990,417
18/06/14,1511,1582,1460,1515,10899335,1011
18/06/15,1515,1515,1450,1463,3986456,584
18/06/16,1463,1535,1429,1461,68312307,2563
18/06/17,1461,1510,1452,1470,27750882,1147
18/06/18,1470,1466,1430,1440,53842488,1487
18/06/19,1440,1450,1410,1422,5281311,715
18/06/20,1422,1405,1356,1380,8733233,1044
18/06/21,1380,1445,1370,1408,58737142,1867
18/06/22,1408,1450,1390,1419,4016784,529
18/06/23,1419,1419,1363,1390,2315671,337
18/06/24,1390,1459,1370,1395,65514034,2060
18/06/25,1395,1464,1419,1457,4548963,371
18/06/26,1457,1529,1451,1502,9298313,1004
18/06/27,1502,1490,1429,1448,5706263,555
18/06/28,1448,1520,1490,1519,70980434,1739
18/06/29,1519,1594,1570,1594,61209978,1518
18/06/30,1594,1673,1630,1673,60232119,1437
18/07/01,1673,1749,1590,1671,44158636,3307
18/07/02,1671,1617,1588,1590,74899156,2787
18/07/03,1590,1615,1522,1580,57625380,1935
18/07/04,1580,1600,1517,1592,63495295,1916
18/07/05,1592,1671,1560,1670,76982222,2260
18/07/06,1670,1753,1753,1753,66788421,1003
18/07/07,1753,1840,1800,1839,116358764,3017
18/07/08,1839,1800,1748,1751,14020504,958
18/07/09,1751,1775,1664,1678,26690157,1960
18/07/10,1678,1744,1630,1690,10507713,1085
18/07/11,1690,1679,1610,1628,14019012,1209
18/07/12,1628,1684,1601,1645,5932455,707
18/07/13,1645,1674,1611,1628,5512292,728
18/07/14,1628,1656,1580,1596,10313121,973
18/07/15,1596,1625,1551,1590,5484947,726
18/07/16,1590,1660,1565,1612,6538893,784
18/07/17,1612,1690,1635,1663,7541340,876
18/07/18,1663,1660,1580,1592,10316401,1070
18/07/19,1592,1615,1550,1578,5439906,675
18/07/20,1578,1580,1515,1543,5514958,681
18/07/21,1543,1549,1466,1479,10712380,1147
18/07/22,1479,1530,1416,1462,5746345,660
18/07/23,1462,1458,1389,1394,13468786,895
18/07/24,1394,1448,1390,1424,3807057,394
18/07/25,1424,1440,1393,1413,3825158,294
18/07/26,1413,1482,1407,1450,5228133,547
18/07/27,1450,1480,1440,1457,2936911,392
18/07/28,1457,1529,1425,1508,36891277,1956
18/07/29,1508,1564,1501,1524,3874712,520
18/07/30,1524,1500,1451,1466,4347604,470
18/07/31,1466,1471,1441,1451,2480440,236
18/08/01,1451,1490,1447,1463,4857881,357
18/08/02,1463,1470,1426,1442,4038872,500
18/08/03,1442,1459,1420,1432,5663451,534
18/08/04,1432,1500,1416,1470,6118762,719
18/08/05,1470,1494,1435,1459,3383363,466
18/08/06,1459,1480,1426,1436,2406193,358
18/08/07,1436,1458,1415,1422,2292463,326
18/08/08,1422,1477,1420,1443,5138912,527
18/08/09,1443,1475,1435,1453,4444063,412
18/08/10,1453,1468,1391,1410,6795557,808
18/08/11,1410,1439,1399,1417,3478703,478
18/08/12,1417,1487,1400,1463,11637736,1003
18/08/13,1463,1536,1490,1531,18513876,1242
18/08/14,1531,1590,1517,1544,12328114,1271
18/08/15,1544,1550,1490,1510,6544591,687
18/08/16,1510,1518,1461,1479,2615326,371
18/08/17,1479,1527,1461,1493,3158924,441
18/08/18,1493,1499,1437,1453,3993068,515
18/08/19,1453,1496,1420,1459,4746222,557
18/08/20,1459,1491,1451,1473,2671098,282
18/08/21,1473,1488,1430,1438,2069457,275
18/08/22,1438,1460,1423,1439,3867469,416
18/08/23,1439,1480,1430,1460,2974565,323
18/08/24,1460,1488,1440,1463,1525709,247
18/08/25,1463,1480,1430,1449,3548524,432
18/08/26,1449,1460,1415,1426,3202837,330
18/08/27,1426,1465,1425,1442,1736578,261
18/08/28,1442,1449,1423,1434,2133709,252
18/08/29,1434,1459,1420,1431,2890323,304
18/08/30,1431,1454,1415,1443,3811857,320
18/08/31,1443,1515,1442,1491,6573525,651
18/09/01,1491,1565,1482,1533,11572781,989
18/09/02,1533,1520,1462,1483,4867698,540
18/09/03,1483,1462,1430,1439,2879043,323
18/09/04,1439,1501,1430,1477,3436171,439
18/09/05,1477,1517,1475,1502,3418262,330
18/09/06,1502,1577,1475,1562,29544841,2164
18/09/07,1562,1530,1484,1492,6931000,737
18/09/08,1492,1495,1418,1427,9309681,911
18/09/09,1427,1421,1367,1391,4496984,588
18/09/10,1391,1419,1360,1376,4022760,480
18/09/11,1376,1399,1308,1322,8489081,1027
18/09/12,1322,1369,1283,1323,3918990,395
18/09/13,1323,1347,1290,1309,2709286,322
18/09/14,1309,1340,1290,1311,2179535,318
18/09/15,1311,1352,1300,1325,2814285,335
18/09/16,1325,1350,1284,1307,1501229,211
18/09/17,1307,1320,1260,1275,3216363,455
18/09/18,1275,1300,1252,1270,1083865,202
18/09/19,1270,1308,1257,1280,2016604,339
18/09/20,1280,1310,1270,1289,1530378,206
18/09/21,1289,1305,1278,1287,873227,175
18/09/22,1287,1282,1251,1264,1999493,239
18/09/23,1264,1307,1226,1259,2644967,285
18/09/24,1259,1280,1232,1253,2811642,290
18/09/25,1253,1288,1245,1254,1368531,155
18/09/26,1254,1284,1202,1237,2748823,244
18/09/27,1237,1229,1176,1183,2964371,344
18/09/28,1183,1177,1140,1159,1703867,196
18/09/29,1159,1216,1216,1171,430649,47
18/09/30,1171,1229,1229,1200,1032197,42
18/10/01,1200,1260,1260,1201,38949,18
18/10/02,1201,1261,1261,1220,675275,27
18/10/03,1220,1281,1281,1231,376438,25
18/10/04,1231,1292,1283,1292,7544474,316
18/10/05,1292,1356,1302,1334,16211900,1280
18/10/06,1334,1400,1344,1397,10697250,816
18/10/07,1397,1466,1465,1466,2181708,171
18/10/08,1466,1571,1481,1530,15694737,1735
18/10/09,1530,1530,1454,1471,38340299,2198
18/10/10,1471,1544,1522,1544,10638572,595
18/10/11,1544,1621,1545,1618,28527965,1063
18/10/12,1618,1698,1698,1698,9510726,309
18/10/13,1698,1782,1745,1781,31828499,1368
18/10/14,1781,1963,1870,1950,16163377,652
18/10/15,1950,2047,2047,2047,9138265,379
18/10/16,2047,2149,2149,2149,3528018,174
18/10/17,2149,2256,2256,2256,6334000,340
18/10/18,2256,2368,2290,2368,23786027,739
18/10/19,2368,2249,2109,2174,2996747,234
18/10/20,2174,2066,2066,2087,1670149,64
18/10/21,2087,1983,1983,2085,32033,17
18/10/22,2085,1981,1981,2064,413876,16
18/10/23,2064,1961,1961,2061,61547,13
18/10/24,2061,1958,1958,2056,110398,24
18/10/25,2056,1954,1954,2053,54433,10
18/10/26,2053,1951,1951,1951,6909691,199
18/10/27,1951,1854,1854,1940,226555,24
18/10/28,1940,1843,1843,1843,2257026,57
18/10/29,1843,1935,1751,1787,25236753,1126
18/10/30,1787,1969,1876,1965,2090832,100
18/10/31,1965,2063,2063,2063,2078977,130
18/11/01,2063,2166,2011,2154,19866106,1263
18/11/02,2154,2261,2050,2159,18945142,1867
18/11/03,2159,2147,2052,2086,7315611,717
18/11/04,2086,2625,2376,2540,20964854,1701
18/11/05,2540,2499,2413,2419,6297035,455
18/11/06,2419,2398,2299,2315,6801502,598
18/11/07,2315,2350,2200,2223,7475937,651
18/11/08,2223,2300,2112,2157,7087891,535
18/11/09,2157,2264,2101,2262,4950814,440
18/11/10,2262,2358,2231,2301,6185954,563
18/11/11,2301,2271,2186,2196,8426148,718
18/11/12,2196,2151,2087,2091,6682035,492
18/11/13,2091,2160,2023,2132,3057838,356
18/11/14,2132,2238,2102,2216,5251405,505
18/11/15,2216,2266,2106,2130,2637106,415
18/11/16,2130,2173,2090,2139,916182,178
18/11/17,2139,2184,2060,2114,1121940,186
18/11/18,2114,2170,2016,2055,3236226,442
18/11/19,2055,2143,2010,2070,1433982,206
18/11/20,2070,2088,2000,2023,2434975,323
18/11/21,2023,2543,2400,2458,11207061,1030
18/11/22,2458,2580,2441,2561,16366471,1358
18/11/23,2561,2689,2600,2679,5305319,420
18/11/24,2679,2812,2812,2797,1838990,81
18/11/25,2797,2936,2800,2913,18513514,1272
18/11/26,2913,2959,2775,2842,6125102,1081
18/11/27,2842,2984,2880,2978,13365254,892
18/11/28,2978,3126,3031,3121,15826252,1062
18/11/29,3121,3240,2965,3094,9414314,871
18/11/30,3094,3144,2940,2956,6474593,739
18/12/01,2956,2988,2821,2880,3029899,481
18/12/02,2880,3024,2830,3020,9177760,631
18/12/03,3020,3171,3001,3159,9420866,613
18/12/04,3159,3316,3316,3286,1684577,84
18/12/05,3286,3450,3412,3449,8279670,534
18/12/06,3449,3621,3620,3621,2149538,99
18/12/07,3621,3987,3612,3682,15903397,2046
18/12/08,3682,3866,3866,3866,4134932,263
18/12/09,3866,4059,4059,3998,1426644,103
18/12/10,3998,4197,4197,4196,2067957,116
18/12/11,4196,4380,3987,4133,12800510,1805
18/12/12,4133,4480,4123,4310,8153971,1241
18/12/13,4310,4475,4095,4296,58913814,1676
18/12/14,4296,4476,4120,4365,4650481,760
18/12/15,4365,4379,4147,4163,6339189,958
18/12/16,4163,4075,3955,3959,7432669,738
18/12/17,3959,4156,3852,4053,5466047,808
18/12/18,4053,4255,3911,4151,6656203,842
18/12/19,4151,4180,3969,4042,4386183,823
18/12/20,4042,4140,4009,4059,4218357,862
18/12/21,4059,4150,4016,4089,6457189,862
18/12/22,4089,4285,4100,4173,4802282,843
18/12/23,4173,4199,4011,4138,4291490,942
18/12/24,4138,4314,4140,4236,10108838,1520
18/12/25,4236,4447,4300,4400,10119802,1435
18/12/26,4400,4440,4062,4228,4541970,614
18/12/27,4228,4220,4020,4100,9538631,1610
18/12/28,4100,4148,3897,3932,6125619,1155
18/12/29,3932,4119,4008,4070,4876632,831
18/12/30,4070,4273,4110,4199,7241075,1156
18/12/31,4199,4400,4274,4362,4224079,833
19/01/01,4362,4580,4400,4558,5893107,824
19/01/02,4558,4785,4651,4720,1845979,257
19/01/03,4720,5203,4956,5124,6808791,897
19/01/04,5124,5380,5380,5367,1976977,294
19/01/05,5367,5635,5099,5410,12820773,1695
19/01/06,5410,5151,5140,5254,1206736,173
19/01/07,5254,4992,4992,4992,6253474,1059
19/01/08,4992,5150,4846,4947,2505202,293
19/01/09,4947,4700,4700,4934,107586,39
19/01/10,4934,4688,4688,4872,507211,48
19/01/11,4872,5049,4629,4736,14961799,1483
19/01/12,4736,4697,4500,4508,3533052,350
19/01/13,4508,4449,4283,4332,1638100,168
19/01/14,4332,4116,4116,4322,91143,13
19/01/15,4322,4447,4106,4222,11753585,1234
19/01/16,4222,4359,4081,4244,30143446,1261
19/01/17,4244,4200,4032,4073,7363530,800
19/01/18,4073,4276,4231,4276,12466107,1174
19/01/19,4276,4339,4080,4191,4354460,1033
19/01/20,4191,4112,3982,3999,7699751,1178
19/01/21,3999,4088,3800,3840,5883294,716
19/01/22,3840,3794,3648,3660,4444255,412
19/01/23,3660,3548,3477,3481,6563612,664
19/01/24,3481,3655,3421,3610,3204902,529
19/01/25,3610,3790,3722,3788,5921687,487
19/01/26,3788,3965,3790,3893,2927464,511
19/01/27,3893,3890,3699,3774,1398554,281
19/01/28,3774,3780,3586,3618,4156605,604
19/01/29,3618,3690,3530,3620,1801846,419
19/01/30,3620,3795,3540,3669,2906445,542
19/01/31,3669,3830,3663,3761,4032875,462
19/02/01,3761,3809,3650,3715,1730221,283
19/02/02,3715,3771,3640,3704,1850673,364
19/02/03,3704,3749,3519,3582,3877603,723
19/02/04,3582,3640,3424,3509,2457518,564
19/02/05,3509,3509,3334,3362,3761657,738
19/02/06,3362,3450,3194,3215,3988861,571
19/02/07,3215,3375,3170,3369,3730963,518
19/02/08,3369,3470,3252,3369,1652048,359
19/02/09,3369,3450,3264,3335,1635329,346
19/02/10,3335,3300,3169,3177,2066534,271
19/02/11,3177,3109,3019,3032,2982245,240
19/02/12,3032,3000,2881,2916,6166607,836
19/02/13,2916,3061,2922,3027,5655804,761
19/02/14,3027,3051,2876,2885,2536977,289
19/02/15,2885,3029,2805,2979,3406188,440
19/02/16,2979,3127,3059,3112,2445984,294
19/02/17,3112,3210,3020,3145,5159200,551
19/02/18,3145,3259,3071,3180,2007794,310
19/02/19,3180,3330,3101,3168,4197368,431
19/02/20,3168,3180,3010,3076,7097427,674
19/02/21,3076,3229,3140,3220,6400056,362
19/02/22,3220,3350,3201,3289,7518401,757
19/02/23,3289,3440,3160,3354,5998434,655
19/02/24,3354,3440,3187,3315,4554505,446
19/02/25,3315,3300,3191,3234,2894576,316
19/02/26,3234,3240,3100,3143,2218197,321
19/02/27,3143,3178,3076,3119,1253408,173
19/02/28,3119,3074,2964,3039,1302835,273
19/03/01,3039,3059,2888,2928,1988035,352
19/03/02,2928,3050,2950,3008,2203439,269
19/03/03,3008,3058,2901,2957,7459738,501
19/03/04,2957,2995,2853,2890,2236143,342
19/03/05,2890,3034,2900,2995,3211197,315
19/03/06,2995,3130,3030,3064,1396335,256
19/03/07,3064,3159,3066,3078,983154,195
19/03/08,3078,3108,3008,3060,1239190,222
19/03/09,3060,3086,3013,3055,1080929,226
19/03/10,3055,3013,2925,2976,1792582,329
19/03/11,2976,3026,2907,2975,1328413,219
19/03/12,2975,3050,2920,2985,3557974,421
19/03/13,2985,3134,2900,3067,3274915,487
19/03/14,3067,3220,3220,3146,1068553,108
19/03/15,3146,3303,3303,3249,1368422,93
19/03/16,3249,3411,3411,3382,1706080,97
19/03/17,3382,3551,3551,3519,1681154,136
19/03/18,3519,3694,3694,3694,3617607,180
19/03/19,3694,3670,3510,3567,20946304,2510
19/03/20,3567,3745,3494,3703,19100968,2009
19/03/21,3703,3839,3600,3702,6670503,1045
19/03/22,3702,3749,3520,3581,4281968,619
19/03/23,3581,3521,3402,3408,5439634,649
19/03/24,3408,3499,3342,3450,2062031,367
19/03/25,3450,3599,3352,3529,3610959,827
19/03/26,3529,3705,3572,3675,5311882,768
19/03/27,3675,3797,3590,3683,3431718,607
19/03/28,3683,3677,3505,3593,1563865,327
19/03/29,3593,3600,3451,3527,3762020,418
19/03/30,3527,3703,3470,3647,8678668,1316
19/03/31,3647,3829,3800,3793,1749866,227
19/04/01,3793,3982,3840,3927,17385024,2240
19/04/02,3927,4123,3850,4072,8643760,1375
19/04/03,4072,4199,3893,4047,6325255,1254
19/04/04,4047,4070,3860,3922,3702367,812
19/04/05,3922,4050,3800,3950,4287999,938
19/04/06,3950,4098,3952,4021,2547418,604
19/04/07,4021,4020,3880,3936,2084753,460
19/04/08,3936,4010,3820,3913,2452060,613
19/04/09,3913,3930,3780,3815,1923832,388
19/04/10,3815,3899,3780,3852,1574572,343
19/04/11,3852,4040,3837,3989,3913079,744
19/04/12,3989,4095,3981,4022,2745534,555
19/04/13,4022,4223,4050,4163,6852775,1005
19/04/14,4163,4371,4050,4288,11653005,1484
19/04/15,4288,4502,4333,4458,15279002,2218
19/04/16,4458,4680,4400,4603,14837376,2396
19/04/17,4603,4600,4373,4455,10053369,1926
19/04/18,4455,4450,4250,4323,5417302,1255
19/04/19,4323,4479,4290,4399,6785807,1257
19/04/20,4399,4490,4240,4347,5037309,1144
19/04/21,4347,4330,4130,4162,5058727,1084
19/04/22,4162,4298,4122,4209,5301276,916
19/04/23,4209,4220,3999,4052,8646418,1560
19/04/24,4052,4219,3866,4091,7571819,1421
19/04/25,4091,4295,4180,4279,4193630,794
19/04/26,4279,4448,4300,4362,4146048,1025
19/04/27,4362,4350,4180,4232,3846854,925
19/04/28,4232,4349,4180,4260,3535115,781
19/04/29,4260,4345,4050,4247,3380902,744
19/04/30,4247,4434,4160,4277,5878387,1049
19/05/01,4277,4350,4210,4275,2311408,625
19/05/02,4275,4330,4215,4291,1410018,399
19/05/03,4291,4490,4307,4416,2165206,674
19/05/04,4416,4589,4450,4507,2349740,706
19/05/05,4507,4732,4600,4728,7584562,937
19/05/06,4728,4849,4500,4610,6978184,1545
19/05/07,4610,4576,4435,4512,4374398,916
19/05/08,4512,4737,4500,4617,7475347,1243
19/05/09,4617,4598,4450,4546,5082119,841
19/05/10,4546,4773,4490,4744,12820378,954
19/05/11,4744,4981,4810,4964,5623700,568
19/05/12,4964,5180,4911,5070,10748457,1484
19/05/13,5070,5300,4860,5112,9724340,1403
19/05/14,5112,5367,5150,5276,5450232,928
19/05/15,5276,5454,5060,5244,10638197,1290
19/05/16,5244,5298,4982,5112,6679208,844
19/05/17,5112,5367,5200,5325,4755233,687
19/05/18,5325,5360,5070,5235,5590053,893
19/05/19,5235,5188,4974,5065,3321990,624
19/05/20,5065,5200,5100,5123,2022404,407
19/05/21,5123,5240,5073,5119,3220660,649
19/05/22,5119,5250,5040,5157,4607515,785
19/05/23,5157,5414,5125,5360,9490128,1132
19/05/24,5360,5628,5450,5606,12833788,1064
19/05/25,5606,5886,5770,5877,4335195,444
19/05/26,5877,6170,6001,6168,2651952,218
19/05/27,6168,6469,5860,6182,12889916,1431
19/05/28,6182,6190,5873,5903,6532832,672
19/05/29,5903,5700,5608,5611,10544073,917
19/05/30,5611,5788,5400,5611,7052680,877
19/05/31,5611,5648,5331,5417,9489047,1035
19/06/01,5417,5600,5147,5303,14343535,1279
19/06/02,5303,5568,5568,5496,1298452,117
19/06/03,5496,5770,5662,5770,23398354,1011
19/06/04,5770,6040,5600,5826,5788759,858
19/06/05,5826,6060,5800,5930,9024808,836
19/06/06,5930,5979,5661,5732,4730744,644
19/06/07,5732,5700,5491,5591,3104345,540
19/06/08,5591,5770,5500,5618,2702995,560
19/06/09,5618,5765,5500,5548,1624306,386
19/06/10,5548,5633,5400,5511,1742038,450
19/06/11,5511,5786,5786,5753,1587008,143
19/06/12,5753,6040,6040,5978,1411442,116
19/06/13,5978,6276,5876,6172,9000025,1233
19/06/14,6172,5995,5878,5923,5898215,723
19/06/15,5923,6009,5800,5912,4762543,614
19/06/16,5912,6150,5831,6091,4695900,626
19/06/17,6091,6161,5900,5980,2281233,376
19/06/18,5980,6100,5860,5940,4229760,831
19/06/19,5940,5950,5752,5830,5588532,856
19/06/20,5830,6001,5755,5877,3443456,567
19/06/21,5877,6050,5763,5928,5732021,970
19/06/22,5928,6170,5800,6077,8178368,916
19/06/23,6077,6276,5981,6129,4991000,769
19/06/24,6129,6377,6000,6168,3511087,809
19/06/25,6168,6300,5888,6066,2705638,680
19/06/26,6066,5999,5763,5842,1802187,384
19/06/27,5842,5950,5565,5705,1635076,395
19/06/28,5705,5989,5721,5830,1185262,347
19/06/29,5830,6088,5879,6017,3525367,503
19/06/30,6017,6090,5811,5974,2898033,476
19/07/01,5974,6140,5870,6035,5284868,724
19/07/02,6035,6035,5734,5803,6006221,982
19/07/03,5803,5998,5691,5842,4194746,537
19/07/04,5842,5990,5700,5817,2722884,490
19/07/05,5817,5800,5605,5694,3196726,738
19/07/06,5694,5830,5413,5530,2561522,631
19/07/07,5530,5614,5500,5532,1285205,457
